token_id	speaker	tu_id	unit	id	span	form	lemma	upos	xpos	feats	deprel	type	meta_label	variation	jefferson_feats	align	prolongations	pace	guesses	overlaps
0-0	BO026	0	0	0	e:h	eh	_	_	_	_	_	linguistic	_	none	ProsodicLink=Yes	Begin=6.57	0x1	_	_	_
0-1	BO026	0	0	1	mh,	mh	_	_	_	_	_	linguistic	_	none	Intonation=weakly_rising	End=7.55	_	_	_	_
1-0	BO026	1	1	0	'spetti	'spetti	_	_	_	_	_	linguistic	_	none	Truncated=Yes	Begin=7.675	_	_	_	_
1-1	BO026	1	1	1	che	che	_	_	_	_	_	linguistic	_	none	_	_	_	_	_	_
1-2	BO026	1	1	2	preparo:,	preparo	_	_	_	_	_	linguistic	_	none	Intonation=weakly_rising	End=9.03	6x1	_	_	_
2-0	BO026	2	2	0	°il	il	_	_	_	_	_	linguistic	_	none	Volume=low	Begin=10.861	_	_	_	_
2-1	BO026	2	2	1	file,°	file	_	_	_	_	_	linguistic	_	none	Intonation=weakly_rising|Volume=low	End=11.813	_	_	_	_
3-0	BO026	3	3	0	mi	mi	_	_	_	_	_	linguistic	_	none	_	Begin=13.006	_	_	_	_
3-1	BO026	3	3	1	ricorda	ricorda	_	_	_	_	_	linguistic	_	none	_	_	_	_	_	_
3-2	BO026	3	3	2	il	il	_	_	_	_	_	linguistic	_	none	_	_	_	_	_	_
3-3	BO026	3	3	3	suo	suo	_	_	_	_	_	linguistic	_	none	_	_	_	_	_	_
3-4	BO026	3	3	4	nome,	nome	_	_	_	_	_	linguistic	_	none	Intonation=weakly_rising	End=14.39	_	_	_	_
4-0	BO020	4	4	0	allora	allora	_	_	_	_	_	linguistic	_	none	_	Begin=14.39	_	_	_	_
4-1	BO020	4	4	1	io	io	_	_	_	_	_	linguistic	_	none	_	_	_	_	_	_
4-2	BO020	4	4	2	mi	mi	_	_	_	_	_	linguistic	_	none	_	_	_	_	_	_
4-3	BO020	4	4	3	chiamo	chiamo	_	_	_	_	_	linguistic	_	none	_	_	_	_	_	_
4-4	BO020	4	4	4	rossi	rossi	_	_	_	_	_	linguistic	_	none	_	_	_	_	_	_
4-5	BO020	4	4	5	anna	anna	_	_	_	_	_	linguistic	_	none	_	_	_	_	_	_
4-6	BO020	4	4	6	giulia	giulia	_	_	_	_	_	linguistic	_	none	_	End=16.86	_	_	_	_
5-0	BO020	5	5	0	e:h	eh	_	_	_	_	_	linguistic	_	none	_	Begin=17.655	0x1	_	_	_
5-1	BO020	5	5	1	in	in	_	_	_	_	_	linguistic	_	none	_	_	_	_	_	_
5-2	BO020	5	5	2	realtà	realtà	_	_	_	_	_	linguistic	_	none	_	_	_	_	_	_
5-3	BO020	5	5	3	prima	prima	_	_	_	_	_	linguistic	_	none	_	_	_	_	_	_
5-4	BO020	5	5	4	vorrei	vorrei	_	_	_	_	_	linguistic	_	none	_	_	_	_	_	_
5-5	BO020	5	5	5	un'	un'	_	_	_	_	_	linguistic	_	none	SpaceAfter=No	_	_	_	_	_
5-6	BO020	5	5	6	informazione	informazione	_	_	_	_	_	linguistic	_	none	_	_	_	_	_	_
5-7	BO020	5	5	7	sulla:	sulla	_	_	_	_	_	linguistic	_	none	_	_	4x1	_	_	_
5-8	BO020	5	5	8	sull'	sull'	_	_	_	_	_	linguistic	_	none	SpaceAfter=No	_	_	_	_	_
5-9	BO020	5	5	9	esame	esame	_	_	_	_	_	linguistic	_	none	_	_	_	_	_	_
5-10	BO020	5	5	10	di	di	_	_	_	_	_	linguistic	_	none	_	_	_	_	_	_
5-11	BO020	5	5	11	giug[no	giugno	_	_	_	_	_	linguistic	_	none	_	_	_	_	_	2-6(0)
5-12	BO020	5	5	12	giu]gno	giugno	_	_	_	_	_	linguistic	_	none	_	_	_	_	_	0-2(0)
5-13	BO020	5	5	13	luglio,	luglio	_	_	_	_	_	linguistic	_	none	Intonation=weakly_rising	End=22.66	_	_	_	_
6-0	BO026	6	6	0	[sì],	sì	_	_	_	_	_	linguistic	_	none	Intonation=weakly_rising	Begin=21.61|End=21.93	_	_	_	0-2(0)
7-0	BO020	7	7	0	[eh	eh	_	_	_	_	_	linguistic	_	none	_	Begin=22.795	_	_	_	0-2(1)
7-1	BO020	7	7	1	lei	lei	_	_	_	_	_	linguistic	_	none	_	_	_	_	_	0-3(1)
7-2	BO020	7	7	2	non	non	_	_	_	_	_	linguistic	_	none	_	_	_	_	_	0-3(1)
7-3	BO020	7	7	3	ha	ha	_	_	_	_	_	linguistic	_	none	_	_	_	_	_	0-2(1)
7-4	BO020	7	7	4	ancora	ancora	_	_	_	_	_	linguistic	_	none	_	_	_	_	_	0-6(1)
7-5	BO020	7	7	5	abili~]	abili~	_	_	_	_	_	linguistic	_	none	Interrupted=Yes	End=24.43	_	_	_	0-6(1)
8-0	BO026	8	8	0	[di	di	_	_	_	_	_	linguistic	_	none	_	Begin=22.796	_	_	_	0-2(1)
8-1	BO026	8	8	1	didattica	didattica	_	_	_	_	_	linguistic	_	none	_	_	_	_	_	0-9(1)
8-2	BO026	8	8	2	delle	delle	_	_	_	_	_	linguistic	_	none	_	_	_	_	_	0-5(1)
8-3	BO026	8	8	3	lingue	lingue	_	_	_	_	_	linguistic	_	none	_	_	_	_	_	0-6(1)
8-4	BO026	8	8	4	modern]e?	moderne	_	_	_	_	_	linguistic	_	none	Intonation=rising	End=24.64	_	_	_	0-6(1)
9-0	BO020	9	9	0	sì.	sì	_	_	_	_	_	linguistic	_	none	Intonation=falling	Begin=24.64|End=24.938	_	_	_	_
10-0	BO020	10	10	0	non	non	_	_	_	_	_	linguistic	_	none	_	Begin=25.346	_	_	_	_
10-1	BO020	10	10	1	ha	ha	_	_	_	_	_	linguistic	_	none	_	_	_	_	_	_
10-2	BO020	10	10	2	ancora	ancora	_	_	_	_	_	linguistic	_	none	_	_	_	_	_	_
10-3	BO020	10	10	3	abilitato	abilitato	_	_	_	_	_	linguistic	_	none	_	_	_	_	_	_
10-4	BO020	10	10	4	per	per	_	_	_	_	_	linguistic	_	none	ProsodicLink=Yes	_	_	_	_	_
10-5	BO020	10	10	5	eh,	eh	_	_	_	_	_	linguistic	_	none	Intonation=weakly_rising	End=27.72	_	_	_	_
11-0	BO020	11	11	0	per	per	_	_	_	_	_	linguistic	_	none	_	Begin=28.081	_	_	_	_
11-1	BO020	11	11	1	l'	l'	_	_	_	_	_	linguistic	_	none	SpaceAfter=No	_	_	_	_	_
11-2	BO020	11	11	2	i[scrizione],	iscrizione	_	_	_	_	_	linguistic	_	none	Intonation=weakly_rising	End=29.286	_	_	_	0-10(2)
12-0	BO026	12	12	0	[allora	allora	_	_	_	_	_	linguistic	_	none	_	Begin=28.401	_	_	_	0-6(2)
12-1	BO026	12	12	1	c'	c'	_	_	_	_	_	linguistic	_	none	SpaceAfter=No	_	_	_	_	0-2(2)
12-2	BO026	12	12	2	è	è	_	_	_	_	_	linguistic	_	none	_	_	_	_	_	0-1(2)
12-3	BO026	12	12	3	stato	stato	_	_	_	_	_	linguistic	_	none	_	_	_	_	_	0-5(2)
12-4	BO026	12	12	4	un	un	_	_	_	_	_	linguistic	_	none	_	_	_	_	_	0-2(2)
12-5	BO026	12	12	5	pro]blema	problema	_	_	_	_	_	linguistic	_	none	_	_	_	_	_	0-3(2)
12-6	BO026	12	12	6	in	in	_	_	_	_	_	linguistic	_	none	_	_	_	_	_	_
12-7	BO026	12	12	7	segreteria	segreteria	_	_	_	_	_	linguistic	_	none	_	_	_	_	_	_
12-8	BO026	12	12	8	che	che	_	_	_	_	_	linguistic	_	none	_	_	_	_	_	_
12-9	BO026	12	12	9	dovrebbero	dovrebbero	_	_	_	_	_	linguistic	_	none	_	_	_	_	_	_
12-10	BO026	12	12	10	aver	aver	_	_	_	_	_	linguistic	_	none	_	_	_	_	_	_
12-11	BO026	12	12	11	risolto	risolto	_	_	_	_	_	linguistic	_	none	_	_	_	_	_	_
12-12	BO026	12	12	12	[un	un	_	_	_	_	_	linguistic	_	none	_	_	_	_	_	0-2(3)
12-13	BO026	12	12	13	problema	problema	_	_	_	_	_	linguistic	_	none	_	_	_	_	_	0-8(3)
12-14	BO026	12	12	14	te]cnico	tecnico	_	_	_	_	_	linguistic	_	none	_	_	_	_	_	0-2(3)
12-15	BO026	12	12	15	della	della	_	_	_	_	_	linguistic	_	none	_	_	_	_	_	_
12-16	BO026	12	12	16	segreteria	segreteria	_	_	_	_	_	linguistic	_	none	_	_	_	_	_	_
12-17	BO026	12	12	17	da	da	_	_	_	_	_	linguistic	_	none	_	_	_	_	_	_
12-18	BO026	12	12	18	oggi,	oggi	_	_	_	_	_	linguistic	_	none	Intonation=weakly_rising	End=34.568	_	_	_	_
13-0	BO020	13	13	0	[m:h],	mh	_	_	_	_	_	linguistic	_	none	Intonation=weakly_rising	Begin=31.7|End=32.36	0x1	_	_	0-2(3)
14-0	BO020	14	14	0	mh	mh	_	_	_	_	_	linguistic	_	none	_	Begin=34.716	_	_	_	_
14-1	BO020	14	14	1	mh,	mh	_	_	_	_	_	linguistic	_	none	Intonation=weakly_rising	End=35.15	_	_	_	_
15-0	BO026	15	15	0	e:h	eh	_	_	_	_	_	linguistic	_	none	_	Begin=35.15	0x1	_	_	_
15-1	BO026	15	15	1	ho	ho	_	_	_	_	_	linguistic	_	none	_	_	_	_	_	_
15-2	BO026	15	15	2	visto:	visto	_	_	_	_	_	linguistic	_	none	_	_	4x1	_	_	_
15-3	BO026	15	15	3	eh	eh	_	_	_	_	_	linguistic	_	none	_	_	_	_	_	_
15-4	BO026	15	15	4	loro	loro	_	_	_	_	_	linguistic	_	none	_	_	_	_	_	_
15-5	BO026	15	15	5	dovrebbero	dovrebbero	_	_	_	_	_	linguistic	_	none	_	_	_	_	_	_
15-6	BO026	15	15	6	averlo	averlo	_	_	_	_	_	linguistic	_	none	_	_	_	_	_	_
15-7	BO026	15	15	7	risolto	risolto	_	_	_	_	_	linguistic	_	none	_	_	_	_	_	_
15-8	BO026	15	15	8	perché	perché	_	_	_	_	_	linguistic	_	none	_	_	_	_	_	_
15-9	BO026	15	15	9	dieci	dieci	_	_	_	_	_	linguistic	_	none	_	_	_	_	_	_
15-10	BO026	15	15	10	giorni	giorni	_	_	_	_	_	linguistic	_	none	_	_	_	_	_	_
15-11	BO026	15	15	11	fa	fa	_	_	_	_	_	linguistic	_	none	_	_	_	_	_	_
15-12	BO026	15	15	12	l'	l'	_	_	_	_	_	linguistic	_	none	SpaceAfter=No	_	_	_	_	_
15-13	BO026	15	15	13	ha	ha	_	_	_	_	_	linguistic	_	none	_	_	_	_	_	_
15-14	BO026	15	15	14	segnalto	segnalto	_	_	_	_	_	linguistic	_	none	_	_	_	_	_	_
15-15	BO026	15	15	15	una	una	_	_	_	_	_	linguistic	_	none	_	_	_	_	_	_
15-16	BO026	15	15	16	studentessa.	studentessa	_	_	_	_	_	linguistic	_	none	Intonation=falling	End=41.188	_	_	_	_
16-0	BO020	16	16	0	forse	forse	_	_	_	_	_	linguistic	_	none	_	Begin=41.289	_	_	_	_
16-1	BO020	16	16	1	proprio	proprio	_	_	_	_	_	linguistic	_	none	_	_	_	_	_	_
16-2	BO020	16	16	2	io.	io	_	_	_	_	_	linguistic	_	none	Intonation=falling	End=42.35	_	_	_	_
17-0	BO020	17	17	0	perché:	perché	_	_	_	_	_	linguistic	_	none	_	Begin=42.831	5x1	_	_	_
17-1	BO020	17	17	1	in	in	_	_	_	_	_	linguistic	_	none	_	_	_	_	_	_
17-2	BO020	17	17	2	realtà:	realtà	_	_	_	_	_	linguistic	_	none	_	_	5x1	_	_	_
17-3	BO020	17	17	3	[e:h]	eh	_	_	_	_	_	linguistic	_	none	_	End=44.629	0x1	_	_	0-2(4)
18-0	BO026	18	18	0	[però]	però	_	_	_	_	_	linguistic	_	none	_	Begin=44.291	_	_	_	0-4(4)
18-1	BO026	18	18	1	da	da	_	_	_	_	_	linguistic	_	none	_	_	_	_	_	_
18-2	BO026	18	18	2	og[gi	oggi	_	_	_	_	_	linguistic	_	none	_	_	_	_	_	2-4(5)
18-3	BO026	18	18	3	a	a	_	_	_	_	_	linguistic	_	none	_	_	_	_	_	0-1(5)
18-4	BO026	18	18	4	partire	partire	_	_	_	_	_	linguistic	_	none	_	_	_	_	_	0-7(5)
18-5	BO026	18	18	5	dal	dal	_	_	_	_	_	linguistic	_	none	_	_	_	_	_	0-3(5)
18-6	BO026	18	18	6	trenta],	trenta	_	_	_	_	_	linguistic	_	none	Intonation=weakly_rising	End=47.015	_	_	_	0-6(5)
19-0	BO020	19	19	0	[non	non	_	_	_	_	_	linguistic	_	none	_	Begin=45.053	_	_	_	0-3(5)
19-1	BO020	19	19	1	è	è	_	_	_	_	_	linguistic	_	none	_	_	_	_	_	0-1(5)
19-2	BO020	19	19	2	in	in	_	_	_	_	_	linguistic	_	none	_	_	_	_	_	0-2(5)
19-3	BO020	19	19	3	blu:	blu	_	_	_	_	_	linguistic	_	none	_	_	2x1	_	_	0-3(5)
19-4	BO020	19	19	4	la::	la	_	_	_	_	_	linguistic	_	none	_	_	1x2	_	_	0-2(5)
19-5	BO020	19	19	5	il]	il	_	_	_	_	_	linguistic	_	none	_	_	_	_	_	0-2(5)
19-6	BO020	19	19	6	il	il	_	_	_	_	_	linguistic	_	none	_	_	_	_	_	_
19-7	BO020	19	19	7	pi:ù	più	_	_	_	_	_	linguistic	_	none	_	_	1x1	_	_	_
19-8	BO020	19	19	8	che	che	_	_	_	_	_	linguistic	_	none	_	_	_	_	_	_
19-9	BO020	19	19	9	apre	apre	_	_	_	_	_	linguistic	_	none	_	_	_	_	_	_
19-10	BO020	19	19	10	la	la	_	_	_	_	_	linguistic	_	none	_	_	_	_	_	_
19-11	BO020	19	19	11	tendina	tendina	_	_	_	_	_	linguistic	_	none	_	_	_	_	_	_
19-12	BO020	19	19	12	pe:r	per	_	_	_	_	_	linguistic	_	none	ProsodicLink=Yes	_	1x1	_	_	_
19-13	BO020	19	19	13	ah,	ah	_	_	_	_	_	linguistic	_	none	Intonation=weakly_rising	End=50.343	_	_	_	_
20-0	BO020	20	20	0	e::[h	eh	_	_	_	_	_	linguistic	_	none	_	Begin=50.56	0x2	_	_	1-2(6)
20-1	BO020	20	20	1	per	per	_	_	_	_	_	linguistic	_	none	_	_	_	_	_	0-3(6)
20-2	BO020	20	20	2	le	le	_	_	_	_	_	linguistic	_	none	_	_	_	_	_	0-2(6)
20-3	BO020	20	20	3	prenotazioni].	prenotazioni	_	_	_	_	_	linguistic	_	none	Intonation=falling	End=52.468	_	_	_	0-12(6)
21-0	BO026	21	21	0	[adesso	adesso	_	_	_	_	_	linguistic	_	none	_	Begin=51.215	_	_	_	0-6(6)
21-1	BO026	21	21	1	lo	lo	_	_	_	_	_	linguistic	_	none	_	_	_	_	_	0-2(6)
21-2	BO026	21	21	2	diciamo	diciamo	_	_	_	_	_	linguistic	_	none	_	_	_	_	_	0-7(6)
21-3	BO026	21	21	3	di]	di	_	_	_	_	_	linguistic	_	none	_	_	_	_	_	0-2(6)
21-4	BO026	21	21	4	nuovo.	nuovo	_	_	_	_	_	linguistic	_	none	Intonation=falling	End=52.85	_	_	_	_
22-0	BO020	22	22	0	dall'	dall'	_	_	_	_	_	linguistic	_	none	SpaceAfter=No	Begin=52.842	_	_	_	_
22-1	BO020	22	22	1	altra	altra	_	_	_	_	_	linguistic	_	none	_	_	_	_	_	_
22-2	BO020	22	22	2	parte	parte	_	_	_	_	_	linguistic	_	none	_	_	_	_	_	_
22-3	BO020	22	22	3	invece	invece	_	_	_	_	_	linguistic	_	none	_	_	_	_	_	_
22-4	BO020	22	22	4	è	è	_	_	_	_	_	linguistic	_	none	_	_	_	_	_	_
22-5	BO020	22	22	5	in	in	_	_	_	_	_	linguistic	_	none	_	_	_	_	_	_
22-6	BO020	22	22	6	blu.	blu	_	_	_	_	_	linguistic	_	none	Intonation=falling	End=54.893	_	_	_	_
23-0	BO020	23	23	0	allora	allora	_	_	_	_	_	linguistic	_	none	_	Begin=54.938	_	_	_	_
23-1	BO020	23	23	1	io	io	_	_	_	_	_	linguistic	_	none	_	_	_	_	_	_
23-2	BO020	23	23	2	ho	ho	_	_	_	_	_	linguistic	_	none	_	_	_	_	_	_
23-3	BO020	23	23	3	provato	provato	_	_	_	_	_	linguistic	_	none	_	_	_	_	_	_
23-4	BO020	23	23	4	ad	ad	_	_	_	_	_	linguistic	_	none	_	_	_	_	_	_
23-5	BO020	23	23	5	aprire	aprire	_	_	_	_	_	linguistic	_	none	_	_	_	_	_	_
23-6	BO020	23	23	6	però	però	_	_	_	_	_	linguistic	_	none	_	_	_	_	_	_
23-7	BO020	23	23	7	mi	mi	_	_	_	_	_	linguistic	_	none	_	_	_	_	_	_
23-8	BO020	23	23	8	dice	dice	_	_	_	_	_	linguistic	_	none	_	_	_	_	_	_
23-9	BO020	23	23	9	che	che	_	_	_	_	_	linguistic	_	none	_	_	_	_	_	_
23-10	BO020	23	23	10	non	non	_	_	_	_	_	linguistic	_	none	_	_	_	_	_	_
23-11	BO020	23	23	11	è	è	_	_	_	_	_	linguistic	_	none	_	_	_	_	_	_
23-12	BO020	23	23	12	prenotabile	prenotabile	_	_	_	_	_	linguistic	_	none	_	_	_	_	_	_
23-13	BO020	23	23	13	nulla.	nulla	_	_	_	_	_	linguistic	_	none	Intonation=falling	End=59.123	_	_	_	_
24-0	BO020	24	24	0	ho	ho	_	_	_	_	_	linguistic	_	none	_	Begin=59.178	_	_	_	_
24-1	BO020	24	24	1	controllato	controllato	_	_	_	_	_	linguistic	_	none	_	_	_	_	_	_
24-2	BO020	24	24	2	stamattina:	stamattina	_	_	_	_	_	linguistic	_	none	_	_	9x1	_	_	_
24-3	BO020	24	24	3	credo	credo	_	_	_	_	_	linguistic	_	none	_	_	_	_	_	_
24-4	BO020	24	24	4	verso:,	verso	_	_	_	_	_	linguistic	_	none	Intonation=weakly_rising	End=62.308	4x1	_	_	_
25-0	BO020	25	25	0	le	le	_	_	_	_	_	linguistic	_	none	_	Begin=62.561	_	_	_	_
25-1	BO020	25	25	1	dieci	dieci	_	_	_	_	_	linguistic	_	none	_	_	_	_	_	_
25-2	BO020	25	25	2	le	le	_	_	_	_	_	linguistic	_	none	_	_	_	_	_	_
25-3	BO020	25	25	3	undici,	undici	_	_	_	_	_	linguistic	_	none	Intonation=weakly_rising	End=64.053	_	_	_	_
26-0	BO020	26	26	0	l'	l'	_	_	_	_	_	linguistic	_	none	SpaceAfter=No	Begin=64.375	_	_	_	_
26-1	BO020	26	26	1	ultima	ultima	_	_	_	_	_	linguistic	_	none	_	_	_	_	_	_
26-2	BO020	26	26	2	volta	volta	_	_	_	_	_	linguistic	_	none	_	_	_	_	_	_
26-3	BO020	26	26	3	e	e	_	_	_	_	_	linguistic	_	none	_	_	_	_	_	_
26-4	BO020	26	26	4	ancora,	ancora	_	_	_	_	_	linguistic	_	none	Intonation=weakly_rising	End=66.053	_	_	_	_
27-0	BO020	27	27	0	era	era	_	_	_	_	_	linguistic	_	none	_	Begin=66.181	_	_	_	_
27-1	BO020	27	27	1	così	così	_	_	_	_	_	linguistic	_	none	_	_	_	_	_	_
27-2	BO020	27	27	2	la	la	_	_	_	_	_	linguistic	_	none	_	_	_	_	_	_
27-3	BO020	27	27	3	situazione.	situazione	_	_	_	_	_	linguistic	_	none	Intonation=falling	End=67.655	_	_	_	_
28-0	BO026	28	28	0	al[lora	allora	_	_	_	_	_	linguistic	_	none	_	Begin=68.141	_	_	_	2-6(8)
28-1	BO026	28	28	1	fa]ccia	faccia	_	_	_	_	_	linguistic	_	none	_	_	_	_	_	0-2(8)
28-2	BO026	28	28	2	una	una	_	_	_	_	_	linguistic	_	none	_	_	_	_	_	_
28-3	BO026	28	28	3	cosa,	cosa	_	_	_	_	_	linguistic	_	none	Intonation=weakly_rising	End=69.712	_	_	_	_
29-0	BO020	29	29	0	[quindi],	quindi	_	_	_	_	_	linguistic	_	none	Intonation=weakly_rising	Begin=68.286|End=68.9	_	_	_	0-6(8)
30-0	BO026	30	30	0	>subito	subito	_	_	_	_	_	linguistic	_	none	_	Begin=69.795	_	Fast=0-6(0)	_	_
30-1	BO026	30	30	1	dopo	dopo	_	_	_	_	_	linguistic	_	none	_	_	_	Fast=0-4(0)	_	_
30-2	BO026	30	30	2	aver	aver	_	_	_	_	_	linguistic	_	none	_	_	_	Fast=0-4(0)	_	_
30-3	BO026	30	30	3	parlato	parlato	_	_	_	_	_	linguistic	_	none	_	_	_	Fast=0-7(0)	_	_
30-4	BO026	30	30	4	con	con	_	_	_	_	_	linguistic	_	none	_	_	_	Fast=0-3(0)	_	_
30-5	BO026	30	30	5	me<,	me	_	_	_	_	_	linguistic	_	none	Intonation=weakly_rising	End=71.5	_	Fast=0-2(0)	_	_
31-0	BO026	31	31	0	lo,	lo	_	_	_	_	_	linguistic	_	none	Intonation=weakly_rising	Begin=71.593|End=71.904	_	_	_	_
32-0	BO026	32	32	0	bussa	bussa	_	_	_	_	_	linguistic	_	none	_	Begin=72.133	_	_	_	_
32-1	BO026	32	32	1	qui	qui	_	_	_	_	_	linguistic	_	none	_	_	_	_	_	_
32-2	BO026	32	32	2	alla	alla	_	_	_	_	_	linguistic	_	none	_	_	_	_	_	_
32-3	BO026	32	32	3	porta	porta	_	_	_	_	_	linguistic	_	none	_	_	_	_	_	_
32-4	BO026	32	32	4	a	a	_	_	_	_	_	linguistic	_	none	_	_	_	_	_	_
32-5	BO026	32	32	5	fianco:	fianco	_	_	_	_	_	linguistic	_	none	_	_	5x1	_	_	_
32-6	BO026	32	32	6	[e::	e	_	_	_	_	_	linguistic	_	none	_	_	0x2	_	_	0-1(9)
32-7	BO026	32	32	7	e	e	_	_	_	_	_	linguistic	_	none	_	_	_	_	_	0-1(9)
32-8	BO026	32	32	8	glie]lo	glielo	_	_	_	_	_	linguistic	_	none	_	_	_	_	_	0-4(9)
32-9	BO026	32	32	9	dice	dice	_	_	_	_	_	linguistic	_	none	_	_	_	_	_	_
32-10	BO026	32	32	10	lo	lo	_	_	_	_	_	linguistic	_	none	_	_	_	_	_	_
32-11	BO026	32	32	11	segnala	segnala	_	_	_	_	_	linguistic	_	none	_	_	_	_	_	_
32-12	BO026	32	32	12	perché	perché	_	_	_	_	_	linguistic	_	none	_	_	_	_	_	_
32-13	BO026	32	32	13	io	io	_	_	_	_	_	linguistic	_	none	_	_	_	_	_	_
32-14	BO026	32	32	14	ho	ho	_	_	_	_	_	linguistic	_	none	_	_	_	_	_	_
32-15	BO026	32	32	15	controllato	controllato	_	_	_	_	_	linguistic	_	none	_	_	_	_	_	_
32-16	BO026	32	32	16	per	per	_	_	_	_	_	linguistic	_	none	_	_	_	_	_	_
32-17	BO026	32	32	17	vedere	vedere	_	_	_	_	_	linguistic	_	none	_	_	_	_	_	_
32-18	BO026	32	32	18	se	se	_	_	_	_	_	linguistic	_	none	_	_	_	_	_	_
32-19	BO026	32	32	19	c'	c'	_	_	_	_	_	linguistic	_	none	SpaceAfter=No	_	_	_	_	_
32-20	BO026	32	32	20	erano	erano	_	_	_	_	_	linguistic	_	none	_	_	_	_	_	_
32-21	BO026	32	32	21	già	già	_	_	_	_	_	linguistic	_	none	_	_	_	_	_	_
32-22	BO026	32	32	22	degli	degli	_	_	_	_	_	linguistic	_	none	_	_	_	_	_	_
32-23	BO026	32	32	23	iscritti,	iscritti	_	_	_	_	_	linguistic	_	none	Intonation=weakly_rising	End=80.01	_	_	_	_
33-0	BO020	33	33	0	[°perfetto.	perfetto	_	_	_	_	_	linguistic	_	none	Intonation=falling|Volume=low	Begin=74.22	_	_	_	0-8(9)
33-1	BO020	33	33	1	okay.°]	okay	_	_	_	_	_	linguistic	_	none	Intonation=falling|Volume=low	End=75.181	_	_	_	0-4(9)
34-0	BO020	34	34	0	sì,	sì	_	_	_	_	_	linguistic	_	none	Intonation=weakly_rising	Begin=80.01|End=80.378	_	_	_	_
35-0	BO026	35	35	0	e:h	eh	_	_	_	_	_	linguistic	_	none	ProsodicLink=Yes	Begin=80.725	0x1	_	_	_
35-1	BO026	35	35	1	mh	mh	_	_	_	_	_	linguistic	_	none	_	_	_	_	_	_
35-2	BO026	35	35	2	e	e	_	_	_	_	_	linguistic	_	none	_	_	_	_	_	_
35-3	BO026	35	35	3	siccome	siccome	_	_	_	_	_	linguistic	_	none	_	_	_	_	_	_
35-4	BO026	35	35	4	però	però	_	_	_	_	_	linguistic	_	none	_	_	_	_	_	_
35-5	BO026	35	35	5	le	le	_	_	_	_	_	linguistic	_	none	_	_	_	_	_	_
35-6	BO026	35	35	6	is~	is~	_	_	_	_	_	linguistic	_	none	Interrupted=Yes	_	_	_	_	_
35-7	BO026	35	35	7	le	le	_	_	_	_	_	linguistic	_	none	_	_	_	_	_	_
35-8	BO026	35	35	8	iscrizioni,	iscrizioni	_	_	_	_	_	linguistic	_	none	Intonation=weakly_rising	End=84.382	_	_	_	_
36-0	BO026	36	36	0	sarebbero	sarebbero	_	_	_	_	_	linguistic	_	none	_	Begin=84.946	_	_	_	_
36-1	BO026	36	36	1	partit[e::	partite	_	_	_	_	_	linguistic	_	none	_	_	6x2	_	_	6-7(10)
36-2	BO026	36	36	2	da]	da	_	_	_	_	_	linguistic	_	none	_	_	_	_	_	0-2(10)
36-3	BO026	36	36	3	oggi,	oggi	_	_	_	_	_	linguistic	_	none	Intonation=weakly_rising	End=87.74	_	_	_	_
37-0	BO020	37	37	0	[sì	sì	_	_	_	_	_	linguistic	_	none	_	Begin=86.586	_	_	_	0-2(10)
37-1	BO020	37	37	1	da],	da	_	_	_	_	_	linguistic	_	none	Intonation=weakly_rising	End=87.191	_	_	_	0-2(10)
38-0	BO020	38	38	0	mh,	mh	_	_	_	_	_	linguistic	_	none	Intonation=weakly_rising	Begin=87.74|End=88.116	_	_	_	_
39-0	BO026	39	39	0	e::h	eh	_	_	_	_	_	linguistic	_	none	ProsodicLink=Yes	Begin=88.341	0x2	_	_	_
39-1	BO026	39	39	1	mh	mh	_	_	_	_	_	linguistic	_	none	_	_	_	_	_	_
39-2	BO026	39	39	2	non	non	_	_	_	_	_	linguistic	_	none	_	_	_	_	_	_
39-3	BO026	39	39	3	non	non	_	_	_	_	_	linguistic	_	none	_	_	_	_	_	_
39-4	BO026	39	39	4	c'	c'	_	_	_	_	_	linguistic	_	none	SpaceAfter=No	_	_	_	_	_
39-5	BO026	39	39	5	erano	erano	_	_	_	_	_	linguistic	_	none	_	_	_	_	_	_
39-6	BO026	39	39	6	anc[ora],	ancora	_	_	_	_	_	linguistic	_	none	Intonation=weakly_rising	End=91.074	_	_	_	2-6(11)
40-0	BO020	40	40	0	[eh]	eh	_	_	_	_	_	linguistic	_	none	_	Begin=90.873	_	_	_	0-2(11)
40-1	BO020	40	40	1	eh.	eh	_	_	_	_	_	linguistic	_	none	Intonation=falling	End=91.361	_	_	_	_
41-0	BO026	41	41	0	loro	loro	_	_	_	_	_	linguistic	_	none	_	Begin=91.489	_	_	_	_
41-1	BO026	41	41	1	mi	mi	_	_	_	_	_	linguistic	_	none	_	_	_	_	_	_
41-2	BO026	41	41	2	hanno	hanno	_	_	_	_	_	linguistic	_	none	_	_	_	_	_	_
41-3	BO026	41	41	3	eh	eh	_	_	_	_	_	linguistic	_	none	_	_	_	_	_	_
41-4	BO026	41	41	4	io	io	_	_	_	_	_	linguistic	_	none	_	_	_	_	_	_
41-5	BO026	41	41	5	non	non	_	_	_	_	_	linguistic	_	none	_	_	_	_	_	_
41-6	BO026	41	41	6	ero	ero	_	_	_	_	_	linguistic	_	none	_	_	_	_	_	_
41-7	BO026	41	41	7	qui:	qui	_	_	_	_	_	linguistic	_	none	_	_	2x1	_	_	_
41-8	BO026	41	41	8	ero:	ero	_	_	_	_	_	linguistic	_	none	_	_	2x1	_	_	_
41-9	BO026	41	41	9	fuori	fuori	_	_	_	_	_	linguistic	_	none	_	_	_	_	_	_
41-10	BO026	41	41	10	bologna	bologna	_	_	_	_	_	linguistic	_	none	_	_	_	_	_	_
41-11	BO026	41	41	11	>e	e	_	_	_	_	_	linguistic	_	none	_	_	_	Fast=0-1(0)	_	_
41-12	BO026	41	41	12	loro	loro	_	_	_	_	_	linguistic	_	none	_	_	_	Fast=0-4(0)	_	_
41-13	BO026	41	41	13	mi	mi	_	_	_	_	_	linguistic	_	none	_	_	_	Fast=0-2(0)	_	_
41-14	BO026	41	41	14	hanno	hanno	_	_	_	_	_	linguistic	_	none	_	_	_	Fast=0-5(0)	_	_
41-15	BO026	41	41	15	mandato	mandato	_	_	_	_	_	linguistic	_	none	_	_	_	Fast=0-7(0)	_	_
41-16	BO026	41	41	16	una	una	_	_	_	_	_	linguistic	_	none	_	_	_	Fast=0-3(0)	_	_
41-17	BO026	41	41	17	mail	mail	_	_	_	_	_	linguistic	_	none	_	_	_	Fast=0-4(0)	_	_
41-18	BO026	41	41	18	dicendo	dicendo	_	_	_	_	_	linguistic	_	none	_	_	_	Fast=0-7(0)	_	_
41-19	BO026	41	41	19	che	che	_	_	_	_	_	linguistic	_	none	_	_	_	Fast=0-3(0)	_	_
41-20	BO026	41	41	20	avevano	avevano	_	_	_	_	_	linguistic	_	none	_	_	_	Fast=0-7(0)	_	_
41-21	BO026	41	41	21	risolto	risolto	_	_	_	_	_	linguistic	_	none	_	_	_	Fast=0-7(0)	_	_
41-22	BO026	41	41	22	il	il	_	_	_	_	_	linguistic	_	none	_	_	_	Fast=0-2(0)	_	_
41-23	BO026	41	41	23	problema<	problema	_	_	_	_	_	linguistic	_	none	_	_	_	Fast=0-8(0)	_	_
41-24	BO026	41	41	24	non	non	_	_	_	_	_	linguistic	_	none	_	_	_	_	_	_
41-25	BO026	41	41	25	era	era	_	_	_	_	_	linguistic	_	none	_	_	_	_	_	_
41-26	BO026	41	41	26	u[na	una	_	_	_	_	_	linguistic	_	none	_	_	_	_	_	1-3(12)
41-27	BO026	41	41	27	cos]a	cosa	_	_	_	_	_	linguistic	_	none	_	_	_	_	_	0-3(12)
41-28	BO026	41	41	28	che	che	_	_	_	_	_	linguistic	_	none	_	_	_	_	_	_
41-29	BO026	41	41	29	dipendeva	dipendeva	_	_	_	_	_	linguistic	_	none	_	_	_	_	_	_
41-30	BO026	41	41	30	da	da	_	_	_	_	_	linguistic	_	none	_	_	_	_	_	_
41-31	BO026	41	41	31	me.	me	_	_	_	_	_	linguistic	_	none	Intonation=falling	End=99.244	_	_	_	_
42-0	BO020	42	42	0	[mh],	mh	_	_	_	_	_	linguistic	_	none	Intonation=weakly_rising	Begin=97.801|End=98.166	_	_	_	0-2(12)
43-0	BO020	43	43	0	mh,	mh	_	_	_	_	_	linguistic	_	none	Intonation=weakly_rising	Begin=99.244|End=99.513	_	_	_	_
44-0	BO026	44	44	0	[però	però	_	_	_	_	_	linguistic	_	none	_	Begin=99.85	_	_	_	0-4(13)
44-1	BO026	44	44	1	lei	lei	_	_	_	_	_	linguistic	_	none	_	_	_	_	_	0-3(13)
44-2	BO026	44	44	2	lo	lo	_	_	_	_	_	linguistic	_	none	_	_	_	_	_	0-2(13)
44-3	BO026	44	44	3	segnali	segnali	_	_	_	_	_	linguistic	_	none	_	_	_	_	_	0-7(13)
44-4	BO026	44	44	4	adesso	adesso	_	_	_	_	_	linguistic	_	none	_	_	_	_	_	0-6(13)
44-5	BO026	44	44	5	lo	lo	_	_	_	_	_	linguistic	_	none	_	_	_	_	_	0-2(13)
44-6	BO026	44	44	6	dico	dico	_	_	_	_	_	linguistic	_	none	_	_	_	_	_	0-4(13)
44-7	BO026	44	44	7	anch'	anch'	_	_	_	_	_	linguistic	_	none	SpaceAfter=No	_	_	_	_	0-5(13)
44-8	BO026	44	44	8	io].	io	_	_	_	_	_	linguistic	_	none	Intonation=falling	End=102.353	_	_	_	0-2(13)
45-0	BO020	45	45	0	[sì	sì	_	_	_	_	_	linguistic	_	none	_	Begin=99.851	_	_	_	0-2(13)
45-1	BO020	45	45	1	io:	io	_	_	_	_	_	linguistic	_	none	_	_	1x1	_	_	0-2(13)
45-2	BO020	45	45	2	mh	mh	_	_	_	_	_	linguistic	_	none	_	_	_	_	_	0-2(13)
45-3	BO020	45	45	3	giorni	giorni	_	_	_	_	_	linguistic	_	none	_	_	_	_	_	0-6(13)
45-4	BO020	45	45	4	fa	fa	_	_	_	_	_	linguistic	_	none	_	_	_	_	_	0-2(13)
45-5	BO020	45	45	5	l'	l'	_	_	_	_	_	linguistic	_	none	SpaceAfter=No	_	_	_	_	0-2(13)
45-6	BO020	45	45	6	ho	ho	_	_	_	_	_	linguistic	_	none	_	_	_	_	_	0-2(13)
45-7	BO020	45	45	7	segna]lato	segnalato	_	_	_	_	_	linguistic	_	none	_	_	_	_	_	0-5(13)
45-8	BO020	45	45	8	non	non	_	_	_	_	_	linguistic	_	none	_	_	_	_	_	_
45-9	BO020	45	45	9	so	so	_	_	_	_	_	linguistic	_	none	_	_	_	_	_	_
45-10	BO020	45	45	10	se	se	_	_	_	_	_	linguistic	_	none	_	_	_	_	_	_
45-11	BO020	45	45	11	sono	sono	_	_	_	_	_	linguistic	_	none	_	_	_	_	_	_
45-12	BO020	45	45	12	stata	stata	_	_	_	_	_	linguistic	_	none	_	_	_	_	_	_
45-13	BO020	45	45	13	l'	l'	_	_	_	_	_	linguistic	_	none	SpaceAfter=No	_	_	_	_	_
45-14	BO020	45	45	14	unica.	unica	_	_	_	_	_	linguistic	_	none	Intonation=falling	End=104.372	_	_	_	_
46-0	BO020	46	46	0	e:	e	_	_	_	_	_	linguistic	_	none	_	Begin=104.68	0x1	_	_	_
46-1	BO020	46	46	1	non	non	_	_	_	_	_	linguistic	_	none	_	_	_	_	_	_
46-2	BO020	46	46	2	è	è	_	_	_	_	_	linguistic	_	none	_	_	_	_	_	_
46-3	BO020	46	46	3	cambiato	cambiato	_	_	_	_	_	linguistic	_	none	_	_	_	_	_	_
46-4	BO020	46	46	4	nulla	nulla	_	_	_	_	_	linguistic	_	none	_	_	_	_	_	_
46-5	BO020	46	46	5	fino	fino	_	_	_	_	_	linguistic	_	none	_	_	_	_	_	_
46-6	BO020	46	46	6	a	a	_	_	_	_	_	linguistic	_	none	_	_	_	_	_	_
46-7	BO020	46	46	7	stamattina	stamattina	_	_	_	_	_	linguistic	_	none	_	_	_	_	_	_
46-8	BO020	46	46	8	quindi	quindi	_	_	_	_	_	linguistic	_	none	_	_	_	_	_	_
46-9	BO020	46	46	9	io	io	_	_	_	_	_	linguistic	_	none	_	_	_	_	_	_
46-10	BO020	46	46	10	ancora	ancora	_	_	_	_	_	linguistic	_	none	_	_	_	_	_	_
46-11	BO020	46	46	11	non	non	_	_	_	_	_	linguistic	_	none	_	_	_	_	_	_
46-12	BO020	46	46	12	posso	posso	_	_	_	_	_	linguistic	_	none	_	_	_	_	_	_
46-13	BO020	46	46	13	prenotare.	prenotare	_	_	_	_	_	linguistic	_	none	Intonation=falling	_	_	_	_	_
46-14	BO020	46	46	14	°adesso	adesso	_	_	_	_	_	linguistic	_	none	Volume=low	_	_	_	_	_
46-15	BO020	46	46	15	n[on	non	_	_	_	_	_	linguistic	_	none	Volume=low	_	_	_	_	1-3(15)
46-16	BO020	46	46	16	s]aprei	saprei	_	_	_	_	_	linguistic	_	none	Volume=low	_	_	_	_	0-1(15)
46-17	BO020	46	46	17	se	se	_	_	_	_	_	linguistic	_	none	Volume=low	_	_	_	_	_
46-18	BO020	46	46	18	è	è	_	_	_	_	_	linguistic	_	none	Volume=low	_	_	_	_	_
46-19	BO020	46	46	19	cambiato	cambiato	_	_	_	_	_	linguistic	_	none	Volume=low	_	_	_	_	_
46-20	BO020	46	46	20	[qualcosa	qualcosa	_	_	_	_	_	linguistic	_	none	Volume=low	_	_	_	_	0-8(14)
46-21	BO020	46	46	21	però,°]	però	_	_	_	_	_	linguistic	_	none	Intonation=weakly_rising|Volume=low	End=111.985	_	_	_	0-4(14)
47-0	BO026	47	47	0	[sì].	sì	_	_	_	_	_	linguistic	_	none	Intonation=falling	Begin=109.926|End=110.268	_	_	_	0-2(15)
48-0	BO026	48	48	0	[no	no	_	_	_	_	_	linguistic	_	none	PauseAfter=Yes	Begin=111.141	_	_	_	0-2(14)
48-1	BO026	48	48	1	{P}	{P}	_	_	_	_	_	shortpause	_	none	_	_	_	_	_	0-3(14)
48-2	BO026	48	48	2	ora	ora	_	_	_	_	_	linguistic	_	none	_	_	_	_	_	0-3(14)
48-3	BO026	48	48	3	ma]gari	magari	_	_	_	_	_	linguistic	_	none	_	_	_	_	_	0-2(14)
48-4	BO026	48	48	4	andiamo	andiamo	_	_	_	_	_	linguistic	_	none	_	_	_	_	_	_
48-5	BO026	48	48	5	a~	a~	_	_	_	_	_	linguistic	_	none	Interrupted=Yes	_	_	_	_	_
48-6	BO026	48	48	6	insieme.	insieme	_	_	_	_	_	linguistic	_	none	Intonation=falling	End=113.638	_	_	_	_
49-0	BO026	49	49	0	allora	allora	_	_	_	_	_	linguistic	_	none	_	Begin=113.716	_	_	_	_
49-1	BO026	49	49	1	mi	mi	_	_	_	_	_	linguistic	_	none	_	_	_	_	_	_
49-2	BO026	49	49	2	ripete	ripete	_	_	_	_	_	linguistic	_	none	_	_	_	_	_	_
49-3	BO026	49	49	3	il	il	_	_	_	_	_	linguistic	_	none	_	_	_	_	_	_
49-4	BO026	49	49	4	nom[e],	nome	_	_	_	_	_	linguistic	_	none	Intonation=weakly_rising	End=115.0	_	_	_	3-4(16)
50-0	BO020	50	50	0	[e]h	eh	_	_	_	_	_	linguistic	_	none	ProsodicLink=Yes	Begin=114.882	_	_	_	0-1(16)
50-1	BO020	50	50	1	mh,	mh	_	_	_	_	_	linguistic	_	none	Intonation=weakly_rising	End=115.457	_	_	_	_
51-0	BO020	51	51	0	rossi.	rossi	_	_	_	_	_	linguistic	_	none	Intonation=falling	Begin=115.765	_	_	_	_
51-1	BO020	51	51	1	erre	erre	_	_	_	_	_	linguistic	_	none	_	_	_	_	_	_
51-2	BO020	51	51	2	o	o	_	_	_	_	_	linguistic	_	none	_	_	_	_	_	_
51-3	BO020	51	51	3	esse	esse	_	_	_	_	_	linguistic	_	none	_	_	_	_	_	_
51-4	BO020	51	51	4	esse	esse	_	_	_	_	_	linguistic	_	none	_	_	_	_	_	_
51-5	BO020	51	51	5	i	i	_	_	_	_	_	linguistic	_	none	_	End=117.808	_	_	_	_
52-0	BO026	52	52	0	sì.	sì	_	_	_	_	_	linguistic	_	none	Intonation=falling	Begin=117.896|End=118.17	_	_	_	_
53-0	BO020	53	53	0	anna	anna	_	_	_	_	_	linguistic	_	none	_	Begin=118.17	_	_	_	_
53-1	BO020	53	53	1	giulia	giulia	_	_	_	_	_	linguistic	_	none	_	End=119.425	_	_	_	_
54-0	BO026	54	54	0	avevamo	avevamo	_	_	_	_	_	linguistic	_	none	_	Begin=119.53	_	_	_	_
54-1	BO026	54	54	1	parl~	parl~	_	_	_	_	_	linguistic	_	none	Interrupted=Yes|PauseAfter=Yes	_	_	_	_	_
54-2	BO026	54	54	2	{P}	{P}	_	_	_	_	_	shortpause	_	none	_	_	_	_	_	_
54-3	BO026	54	54	3	anna	anna	_	_	_	_	_	linguistic	_	none	_	_	_	_	_	_
54-4	BO026	54	54	4	giulia	giulia	_	_	_	_	_	linguistic	_	none	_	End=121.456	_	_	_	_
55-0	BO020	55	55	0	sì.	sì	_	_	_	_	_	linguistic	_	none	Intonation=falling	Begin=121.456|End=121.765	_	_	_	_
56-0	BO026	56	56	0	avevamo	avevamo	_	_	_	_	_	linguistic	_	none	_	Begin=121.765	_	_	_	_
56-1	BO026	56	56	1	parlato	parlato	_	_	_	_	_	linguistic	_	none	_	_	_	_	_	_
56-2	BO026	56	56	2	della	della	_	_	_	_	_	linguistic	_	none	_	_	_	_	_	_
56-3	BO026	56	56	3	tesi	tesi	_	_	_	_	_	linguistic	_	none	_	_	_	_	_	_
56-4	BO026	56	56	4	vero?	vero	_	_	_	_	_	linguistic	_	none	Intonation=rising	End=123.988	_	_	_	_
57-0	BO020	57	57	0	sì	sì	_	_	_	_	_	linguistic	_	none	_	Begin=123.988	_	_	_	_
57-1	BO020	57	57	1	avevamo	avevamo	_	_	_	_	_	linguistic	_	none	_	_	_	_	_	_
57-2	BO020	57	57	2	parlato	parlato	_	_	_	_	_	linguistic	_	none	_	_	_	_	_	_
57-3	BO020	57	57	3	della	della	_	_	_	_	_	linguistic	_	none	_	_	_	_	_	_
57-4	BO020	57	57	4	te:si	tesi	_	_	_	_	_	linguistic	_	none	_	_	1x1	_	_	_
57-5	BO020	57	57	5	e::h	eh	_	_	_	_	_	linguistic	_	none	ProsodicLink=Yes	_	0x2	_	_	_
57-6	BO020	57	57	6	m:h	mh	_	_	_	_	_	linguistic	_	none	_	End=127.836	0x1	_	_	_
58-0	BO020	58	58	0	dunque	dunque	_	_	_	_	_	linguistic	_	none	_	Begin=128.52	_	_	_	_
58-1	BO020	58	58	1	lei	lei	_	_	_	_	_	linguistic	_	none	_	_	_	_	_	_
58-2	BO020	58	58	2	mh	mh	_	_	_	_	_	linguistic	_	none	_	_	_	_	_	_
58-3	BO020	58	58	3	mi	mi	_	_	_	_	_	linguistic	_	none	_	_	_	_	_	_
58-4	BO020	58	58	4	aveva:	aveva	_	_	_	_	_	linguistic	_	none	_	_	4x1	_	_	_
58-5	BO020	58	58	5	mh	mh	_	_	_	_	_	linguistic	_	none	_	_	_	_	_	_
58-6	BO020	58	58	6	parlato	parlato	_	_	_	_	_	linguistic	_	none	_	_	_	_	_	_
58-7	BO020	58	58	7	di	di	_	_	_	_	_	linguistic	_	none	_	_	_	_	_	_
58-8	BO020	58	58	8	diverse	diverse	_	_	_	_	_	linguistic	_	none	_	_	_	_	_	_
58-9	BO020	58	58	9	possiblità,	possiblità	_	_	_	_	_	linguistic	_	none	Intonation=weakly_rising	End=132.755	_	_	_	_
59-0	BO020	59	59	0	e::h	eh	_	_	_	_	_	linguistic	_	none	_	Begin=133.176	0x2	_	_	_
59-1	BO020	59	59	1	io::,	io	_	_	_	_	_	linguistic	_	none	Intonation=weakly_rising	End=134.67	1x2	_	_	_
60-0	BO020	60	60	0	pensavo,	pensavo	_	_	_	_	_	linguistic	_	none	Intonation=weakly_rising	Begin=134.965|End=135.957	_	_	_	_
61-0	BO020	61	61	0	eh,	eh	_	_	_	_	_	linguistic	_	none	Intonation=weakly_rising	Begin=136.196|End=136.67	_	_	_	_
62-0	BO020	62	62	0	che	che	_	_	_	_	_	linguistic	_	none	_	Begin=137.127	_	_	_	_
62-1	BO020	62	62	1	e:h	eh	_	_	_	_	_	linguistic	_	none	_	_	0x1	_	_	_
62-2	BO020	62	62	2	potrei	potrei	_	_	_	_	_	linguistic	_	none	_	_	_	_	_	_
62-3	BO020	62	62	3	e::h	eh	_	_	_	_	_	linguistic	_	none	ProsodicLink=Yes	_	0x2	_	_	_
62-4	BO020	62	62	4	mh	mh	_	_	_	_	_	linguistic	_	none	_	_	_	_	_	_
62-5	BO020	62	62	5	stendere:	stendere	_	_	_	_	_	linguistic	_	none	ProsodicLink=Yes	_	7x1	_	_	_
62-6	BO020	62	62	6	mh	mh	_	_	_	_	_	linguistic	_	none	_	_	_	_	_	_
62-7	BO020	62	62	7	il	il	_	_	_	_	_	linguistic	_	none	_	_	_	_	_	_
62-8	BO020	62	62	8	questionario	questionario	_	_	_	_	_	linguistic	_	none	_	_	_	_	_	_
62-9	BO020	62	62	9	>stendere	stendere	_	_	_	_	_	linguistic	_	none	_	_	_	Fast=0-8(0)	_	_
62-10	BO020	62	62	10	un	un	_	_	_	_	_	linguistic	_	none	_	_	_	Fast=0-2(0)	_	_
62-11	BO020	62	62	11	questionario	questionario	_	_	_	_	_	linguistic	_	none	_	_	_	Fast=0-12(0)	_	_
62-12	BO020	62	62	12	che<,	che	_	_	_	_	_	linguistic	_	none	Intonation=weakly_rising	End=143.18	_	Fast=0-3(0)	_	_
63-0	BO020	63	63	0	in	in	_	_	_	_	_	linguistic	_	none	_	Begin=143.546	_	_	_	_
63-1	BO020	63	63	1	realtà	realtà	_	_	_	_	_	linguistic	_	none	_	_	_	_	_	_
63-2	BO020	63	63	2	non	non	_	_	_	_	_	linguistic	_	none	_	_	_	_	_	_
63-3	BO020	63	63	3	penso	penso	_	_	_	_	_	linguistic	_	none	_	_	_	_	_	_
63-4	BO020	63	63	4	sia::	sia	_	_	_	_	_	linguistic	_	none	ProsodicLink=Yes	_	2x2	_	_	_
63-5	BO020	63	63	5	mh,	mh	_	_	_	_	_	linguistic	_	none	Intonation=weakly_rising	End=146.095	_	_	_	_
64-0	BO020	64	64	0	m:h	mh	_	_	_	_	_	linguistic	_	none	_	Begin=146.56	0x1	_	_	_
64-1	BO020	64	64	1	sia	sia	_	_	_	_	_	linguistic	_	none	_	_	_	_	_	_
64-2	BO020	64	64	2	migliore	migliore	_	_	_	_	_	linguistic	_	none	_	_	_	_	_	_
64-3	BO020	64	64	3	un	un	_	_	_	_	_	linguistic	_	none	_	_	_	_	_	_
64-4	BO020	64	64	4	questionario	questionario	_	_	_	_	_	linguistic	_	none	_	_	_	_	_	_
64-5	BO020	64	64	5	aperto	aperto	_	_	_	_	_	linguistic	_	none	_	_	_	_	_	_
64-6	BO020	64	64	6	piut[tosto	piuttosto	_	_	_	_	_	linguistic	_	none	_	_	_	_	_	4-9(17)
64-7	BO020	64	64	7	che]	che	_	_	_	_	_	linguistic	_	none	_	_	_	_	_	0-3(17)
64-8	BO020	64	64	8	con	con	_	_	_	_	_	linguistic	_	none	_	_	_	_	_	_
64-9	BO020	64	64	9	una	una	_	_	_	_	_	linguistic	_	none	PauseAfter=Yes	_	_	_	_	_
64-10	BO020	64	64	10	{P}	{P}	_	_	_	_	_	shortpause	_	none	_	_	_	_	_	_
64-11	BO020	64	64	11	domande	domande	_	_	_	_	_	linguistic	_	none	_	_	_	_	_	_
64-12	BO020	64	64	12	chiu:se	chiuse	_	_	_	_	_	linguistic	_	none	_	_	3x1	_	_	_
64-13	BO020	64	64	13	dove,	dove	_	_	_	_	_	linguistic	_	none	Intonation=weakly_rising	End=152.648	_	_	_	_
65-0	BO026	65	65	0	[mh	mh	_	_	_	_	_	linguistic	_	none	ProsodicLink=Yes	Begin=149.234	_	_	_	0-2(17)
65-1	BO026	65	65	1	mh],	mh	_	_	_	_	_	linguistic	_	none	Intonation=weakly_rising	End=149.904	_	_	_	0-2(17)
66-0	BO020	66	66	0	e:h	eh	_	_	_	_	_	linguistic	_	none	_	Begin=153.106	0x1	_	_	_
66-1	BO020	66	66	1	non	non	_	_	_	_	_	linguistic	_	none	_	_	_	_	_	_
66-2	BO020	66	66	2	lo	lo	_	_	_	_	_	linguistic	_	none	_	_	_	_	_	_
66-3	BO020	66	66	3	so	so	_	_	_	_	_	linguistic	_	none	_	_	_	_	_	_
66-4	BO020	66	66	4	per	per	_	_	_	_	_	linguistic	_	none	_	_	_	_	_	_
66-5	BO020	66	66	5	il	il	_	_	_	_	_	linguistic	_	none	_	_	_	_	_	_
66-6	BO020	66	66	6	numero	numero	_	_	_	_	_	linguistic	_	none	_	_	_	_	_	_
66-7	BO020	66	66	7	di	di	_	_	_	_	_	linguistic	_	none	_	_	_	_	_	_
66-8	BO020	66	66	8	ragazzi	ragazzi	_	_	_	_	_	linguistic	_	none	_	_	_	_	_	_
66-9	BO020	66	66	9	che:	che	_	_	_	_	_	linguistic	_	none	ProsodicLink=Yes	_	2x1	_	_	_
66-10	BO020	66	66	10	mh	mh	_	_	_	_	_	linguistic	_	none	_	_	_	_	_	_
66-11	BO020	66	66	11	che	che	_	_	_	_	_	linguistic	_	none	_	_	_	_	_	_
66-12	BO020	66	66	12	vanno	vanno	_	_	_	_	_	linguistic	_	none	_	_	_	_	_	_
66-13	BO020	66	66	13	indicati,	indicati	_	_	_	_	_	linguistic	_	none	Intonation=weakly_rising	End=158.244	_	_	_	_
67-0	BO020	67	67	0	e:h	eh	_	_	_	_	_	linguistic	_	none	_	Begin=158.446	0x1	_	_	_
67-1	BO020	67	67	1	c'	c'	_	_	_	_	_	linguistic	_	none	SpaceAfter=No	_	_	_	_	_
67-2	BO020	67	67	2	è	è	_	_	_	_	_	linguistic	_	none	_	_	_	_	_	_
67-3	BO020	67	67	3	una	una	_	_	_	_	_	linguistic	_	none	_	_	_	_	_	_
67-4	BO020	67	67	4	percentuale	percentuale	_	_	_	_	_	linguistic	_	none	_	_	_	_	_	_
67-5	BO020	67	67	5	ciè	ciè	_	_	_	_	_	linguistic	_	none	_	_	_	_	_	_
67-6	BO020	67	67	6	c'	c'	_	_	_	_	_	linguistic	_	none	SpaceAfter=No	_	_	_	_	_
67-7	BO020	67	67	7	è	è	_	_	_	_	_	linguistic	_	none	_	_	_	_	_	_
67-8	BO020	67	67	8	un	un	_	_	_	_	_	linguistic	_	none	_	_	_	_	1-2(0)	_
67-9	BO020	67	67	9	(sacco)	sacco	_	_	_	_	_	linguistic	_	none	_	_	_	_	0-4(0)	_
67-10	BO020	67	67	10	abbastanza	abbastanza	_	_	_	_	_	linguistic	_	none	ProsodicLink=Yes	_	_	_	_	_
67-11	BO020	67	67	11	mh	mh	_	_	_	_	_	linguistic	_	none	_	_	_	_	_	1-2(18)
67-12	BO020	67	67	12	[più],	più	_	_	_	_	_	linguistic	_	none	Intonation=weakly_rising	End=162.234	_	_	_	0-2(18)
68-0	BO026	68	68	0	[è	è	_	_	_	_	_	linguistic	_	none	_	Begin=161.645	_	_	_	0-1(18)
68-1	BO026	68	68	1	mh]	mh	_	_	_	_	_	linguistic	_	none	_	_	_	_	_	0-2(18)
68-2	BO026	68	68	2	è	è	_	_	_	_	_	linguistic	_	none	_	_	_	_	_	_
68-3	BO026	68	68	3	un	un	_	_	_	_	_	linguistic	_	none	_	_	_	_	_	_
68-4	BO026	68	68	4	questionario	questionario	_	_	_	_	_	linguistic	_	none	_	_	_	_	_	_
68-5	BO026	68	68	5	rivolto	rivolto	_	_	_	_	_	linguistic	_	none	_	_	_	_	_	_
68-6	BO026	68	68	6	a	a	_	_	_	_	_	linguistic	_	none	_	_	_	_	_	_
68-7	BO026	68	68	7	studenti?	studenti	_	_	_	_	_	linguistic	_	none	Intonation=rising	End=164.297	_	_	_	_
69-0	BO020	69	69	0	mh	mh	_	_	_	_	_	linguistic	_	none	_	Begin=164.296	_	_	_	_
69-1	BO020	69	69	1	al[lora],	allora	_	_	_	_	_	linguistic	_	none	Intonation=weakly_rising	End=165.01	_	_	_	2-6(20)
70-0	BO026	70	70	0	[°o	o	_	_	_	_	_	linguistic	_	none	Volume=low	Begin=164.59	_	_	_	0-1(20)
70-1	BO026	70	70	1	ai	ai	_	_	_	_	_	linguistic	_	none	Volume=low	_	_	_	_	0-2(20)
70-2	BO026	70	70	2	do]centi?°	docenti	_	_	_	_	_	linguistic	_	none	Intonation=rising|Volume=low	End=165.446	_	_	_	0-2(20)
71-0	BO020	71	71	0	o:~	o~	_	_	_	_	_	linguistic	_	none	Interrupted=Yes	Begin=165.395	0x1	_	_	_
71-1	BO020	71	71	1	ora	ora	_	_	_	_	_	linguistic	_	none	_	_	_	_	_	_
71-2	BO020	71	71	2	ri~	ri~	_	_	_	_	_	linguistic	_	none	Interrupted=Yes|ProsodicLink=Yes	_	_	_	_	_
71-3	BO020	71	71	3	r[itorno	ritorno	_	_	_	_	_	linguistic	_	none	_	_	_	_	_	1-7(21)
71-4	BO020	71	71	4	un	un	_	_	_	_	_	linguistic	_	none	_	_	_	_	_	0-2(21)
71-5	BO020	71	71	5	a]ttimin[o	attimino	_	_	_	_	_	linguistic	_	none	_	_	_	_	_	0-1(21),7-8(22)
71-6	BO020	71	71	6	su	su	_	_	_	_	_	linguistic	_	none	_	_	_	_	_	0-2(22)
71-7	BO020	71	71	7	no	no	_	_	_	_	_	linguistic	_	none	_	_	_	_	_	0-2(22)
71-8	BO020	71	71	8	no]	no	_	_	_	_	_	linguistic	_	none	_	_	_	_	_	0-2(22)
71-9	BO020	71	71	9	ai	ai	_	_	_	_	_	linguistic	_	none	_	_	_	_	_	_
71-10	BO020	71	71	10	ai	ai	_	_	_	_	_	linguistic	_	none	_	_	_	_	_	_
71-11	BO020	71	71	11	docenti	docenti	_	_	_	_	_	linguistic	_	none	_	_	_	_	_	_
71-12	BO020	71	71	12	lei	lei	_	_	_	_	_	linguistic	_	none	_	_	_	_	_	_
71-13	BO020	71	71	13	mi	mi	_	_	_	_	_	linguistic	_	none	_	_	_	_	_	_
71-14	BO020	71	71	14	a[veva]	aveva	_	_	_	_	_	linguistic	_	none	PauseAfter=Yes	_	_	_	_	1-5(23)
71-15	BO020	71	71	15	{P}	{P}	_	_	_	_	_	shortpause	_	none	_	_	_	_	_	_
71-16	BO020	71	71	16	detto,	detto	_	_	_	_	_	linguistic	_	none	Intonation=weakly_rising	End=170.255	_	_	_	_
72-0	BO026	72	72	0	[perché	perché	_	_	_	_	_	linguistic	_	none	_	Begin=166.026	_	_	_	0-6(21)
72-1	BO026	72	72	1	è],	è	_	_	_	_	_	linguistic	_	none	Intonation=weakly_rising	End=166.831	_	_	_	0-1(21)
73-0	BO026	73	73	0	[riepiloghiamo]	riepiloghiamo	_	_	_	_	_	linguistic	_	none	_	Begin=166.973|End=167.755	_	_	_	0-13(22)
74-0	BO026	74	74	0	[sì],	sì	_	_	_	_	_	linguistic	_	none	Intonation=weakly_rising	Begin=169.101|End=169.493	_	_	_	0-2(23)
75-0	BO020	75	75	0	e:h	eh	_	_	_	_	_	linguistic	_	none	_	Begin=170.791	0x1	_	_	_
75-1	BO020	75	75	1	che	che	_	_	_	_	_	linguistic	_	none	_	_	_	_	_	_
75-2	BO020	75	75	2	io	io	_	_	_	_	_	linguistic	_	none	_	_	_	_	_	_
75-3	BO020	75	75	3	avrei	avrei	_	_	_	_	_	linguistic	_	none	_	_	_	_	_	_
75-4	BO020	75	75	4	potuto	potuto	_	_	_	_	_	linguistic	_	none	_	_	_	_	_	_
75-5	BO020	75	75	5	mandare	mandare	_	_	_	_	_	linguistic	_	none	_	_	_	_	_	_
75-6	BO020	75	75	6	un	un	_	_	_	_	_	linguistic	_	none	_	_	_	_	_	_
75-7	BO020	75	75	7	questionario	questionario	_	_	_	_	_	linguistic	_	none	_	_	_	_	_	_
75-8	BO020	75	75	8	ai	ai	_	_	_	_	_	linguistic	_	none	_	_	_	_	_	_
75-9	BO020	75	75	9	tecnici	tecnici	_	_	_	_	_	linguistic	_	none	_	_	_	_	_	_
75-10	BO020	75	75	10	di	di	_	_	_	_	_	linguistic	_	none	_	_	_	_	_	_
75-11	BO020	75	75	11	bologna	bologna	_	_	_	_	_	linguistic	_	none	_	_	_	_	_	_
75-12	BO020	75	75	12	io	io	_	_	_	_	_	linguistic	_	none	_	_	_	_	_	_
75-13	BO020	75	75	13	ho	ho	_	_	_	_	_	linguistic	_	none	_	_	_	_	_	_
75-14	BO020	75	75	14	raccolto	raccolto	_	_	_	_	_	linguistic	_	none	_	_	_	_	_	_
75-15	BO020	75	75	15	i	i	_	_	_	_	_	linguistic	_	none	_	_	_	_	_	_
75-16	BO020	75	75	16	tecnici,	tecnici	_	_	_	_	_	linguistic	_	none	Intonation=weakly_rising	End=177.085	_	_	_	_
76-0	BO026	76	76	0	mh	mh	_	_	_	_	_	linguistic	_	none	_	Begin=177.085	_	_	_	_
76-1	BO026	76	76	1	mh,	mh	_	_	_	_	_	linguistic	_	none	Intonation=weakly_rising	End=177.493	_	_	_	_
77-0	BO020	77	77	0	gli	gli	_	_	_	_	_	linguistic	_	none	_	Begin=177.575	_	_	_	_
77-1	BO020	77	77	1	istituti	istituti	_	_	_	_	_	linguistic	_	none	_	_	_	_	_	_
77-2	BO020	77	77	2	tecnici	tecnici	_	_	_	_	_	linguistic	_	none	_	_	_	_	_	_
77-3	BO020	77	77	3	su	su	_	_	_	_	_	linguistic	_	none	_	_	_	_	_	_
77-4	BO020	77	77	4	[e:h	eh	_	_	_	_	_	linguistic	_	none	_	_	0x1	_	_	0-2(25)
77-5	BO020	77	77	5	>s]cuola	scuola	_	_	_	_	_	linguistic	_	none	_	_	_	Fast=0-6(0)	_	0-1(25)
77-6	BO020	77	77	6	secondaria<.	secondaria	_	_	_	_	_	linguistic	_	none	Intonation=falling	End=180.414	_	Fast=0-10(0)	_	_
78-0	BO026	78	78	0	[sì],	sì	_	_	_	_	_	linguistic	_	none	Intonation=weakly_rising	Begin=179.159|End=179.57	_	_	_	0-2(25)
79-0	BO020	79	79	0	di	di	_	_	_	_	_	linguistic	_	none	_	Begin=180.748	_	_	_	_
79-1	BO020	79	79	1	bologna	bologna	_	_	_	_	_	linguistic	_	none	_	_	_	_	_	_
79-2	BO020	79	79	2	che	che	_	_	_	_	_	linguistic	_	none	_	_	_	_	_	_
79-3	BO020	79	79	3	sarebbero:	sarebbero	_	_	_	_	_	linguistic	_	none	_	_	8x1	_	_	_
79-4	BO020	79	79	4	tredici	tredici	_	_	_	_	_	linguistic	_	none	_	_	_	_	_	_
79-5	BO020	79	79	5	quattordici,	quattordici	_	_	_	_	_	linguistic	_	none	Intonation=weakly_rising	End=183.936	_	_	_	_
80-0	BO026	80	80	0	mh	mh	_	_	_	_	_	linguistic	_	none	_	Begin=184.043	_	_	_	_
80-1	BO026	80	80	1	mh,	mh	_	_	_	_	_	linguistic	_	none	Intonation=weakly_rising	End=184.382	_	_	_	_
81-0	BO020	81	81	0	ho	ho	_	_	_	_	_	linguistic	_	none	_	Begin=184.382	_	_	_	_
81-1	BO020	81	81	1	qui	qui	_	_	_	_	_	linguistic	_	none	_	_	_	_	_	_
81-2	BO020	81	81	2	tutti	tutti	_	_	_	_	_	linguistic	_	none	_	_	_	_	_	_
81-3	BO020	81	81	3	gli	gli	_	_	_	_	_	linguistic	_	none	_	_	_	_	_	_
81-4	BO020	81	81	4	indirizzi.	indirizzi	_	_	_	_	_	linguistic	_	none	Intonation=falling	End=185.861	_	_	_	_
82-0	BO020	82	82	0	e::h	eh	_	_	_	_	_	linguistic	_	none	ProsodicLink=Yes	Begin=186.138	0x2	_	_	_
82-1	BO020	82	82	1	m:h	mh	_	_	_	_	_	linguistic	_	none	_	End=187.703	0x1	_	_	_
83-0	BO020	83	83	0	e	e	_	_	_	_	_	linguistic	_	none	_	Begin=188.961	_	_	_	_
83-1	BO020	83	83	1	mh	mh	_	_	_	_	_	linguistic	_	none	_	_	_	_	_	_
83-2	BO020	83	83	2	inviare	inviare	_	_	_	_	_	linguistic	_	none	_	_	_	_	_	_
83-3	BO020	83	83	3	un	un	_	_	_	_	_	linguistic	_	none	_	_	_	_	_	_
83-4	BO020	83	83	4	questionario	questionario	_	_	_	_	_	linguistic	_	none	_	_	_	_	_	_
83-5	BO020	83	83	5	che:	che	_	_	_	_	_	linguistic	_	none	_	_	2x1	_	_	_
83-6	BO020	83	83	6	sarebbe	sarebbe	_	_	_	_	_	linguistic	_	none	_	_	_	_	_	_
83-7	BO020	83	83	7	andato	andato	_	_	_	_	_	linguistic	_	none	_	_	_	_	_	_
83-8	BO020	83	83	8	agli	agli	_	_	_	_	_	linguistic	_	none	_	_	_	_	_	_
83-9	BO020	83	83	9	insegnanti	insegnanti	_	_	_	_	_	linguistic	_	none	_	_	_	_	_	_
83-10	BO020	83	83	10	d[i	di	_	_	_	_	_	linguistic	_	none	_	_	_	_	_	1-2(26)
83-11	BO020	83	83	11	ital]iano	italiano	_	_	_	_	_	linguistic	_	none	_	_	_	_	_	0-4(26)
83-12	BO020	83	83	12	o	o	_	_	_	_	_	linguistic	_	none	_	_	_	_	_	_
83-13	BO020	83	83	13	comunque	comunque	_	_	_	_	_	linguistic	_	none	_	_	_	_	_	_
83-14	BO020	83	83	14	di	di	_	_	_	_	_	linguistic	_	none	_	_	_	_	_	_
83-15	BO020	83	83	15	lingue,	lingue	_	_	_	_	_	linguistic	_	none	Intonation=weakly_rising	End=195.0	_	_	_	_
84-0	BO026	84	84	0	[sì],	sì	_	_	_	_	_	linguistic	_	none	Intonation=weakly_rising	Begin=193.361|End=193.745	_	_	_	0-2(26)
85-0	BO020	85	85	0	pe:r	per	_	_	_	_	_	linguistic	_	none	ProsodicLink=Yes	Begin=195.308	1x1	_	_	_
85-1	BO020	85	85	1	eh,	eh	_	_	_	_	_	linguistic	_	none	Intonation=weakly_rising	End=196.148	_	_	_	_
86-0	BO020	86	86	0	e::h	eh	_	_	_	_	_	linguistic	_	none	ProsodicLink=Yes	Begin=196.321	0x2	_	_	_
86-1	BO020	86	86	1	mh	mh	_	_	_	_	_	linguistic	_	none	_	End=197.77	_	_	_	_
87-0	BO026	87	87	0	eh	eh	_	_	_	_	_	linguistic	_	none	_	Begin=197.821	_	_	_	_
87-1	BO026	87	87	1	[e:h	eh	_	_	_	_	_	linguistic	_	none	_	_	0x1	_	_	0-2(27)
87-2	BO026	87	87	2	il	il	_	_	_	_	_	linguistic	_	none	_	_	_	_	_	0-2(27)
87-3	BO026	87	87	3	t]ema	tema	_	_	_	_	_	linguistic	_	none	_	_	_	_	_	0-1(27)
87-4	BO026	87	87	4	er[a:	era	_	_	_	_	_	linguistic	_	none	_	_	2x1	_	_	2-3(28)
87-5	BO026	87	87	5	la	la	_	_	_	_	_	linguistic	_	none	_	_	_	_	_	0-2(28)
87-6	BO026	87	87	6	lingua	lingua	_	_	_	_	_	linguistic	_	none	_	_	_	_	_	0-6(28)
87-7	BO026	87	87	7	l'	l'	_	_	_	_	_	linguistic	_	none	SpaceAfter=No	_	_	_	_	0-2(28)
87-8	BO026	87	87	8	altra	altra	_	_	_	_	_	linguistic	_	none	_	_	_	_	_	0-5(28)
87-9	BO026	87	87	9	l]ingua	lingua	_	_	_	_	_	linguistic	_	none	_	_	_	_	_	0-1(28)
87-10	BO026	87	87	10	straniera.	straniera	_	_	_	_	_	linguistic	_	none	Intonation=falling	End=202.414	_	_	_	_
88-0	BO020	88	88	0	[e:h],	eh	_	_	_	_	_	linguistic	_	none	Intonation=weakly_rising	Begin=198.041|End=198.745	0x1	_	_	0-2(27)
89-0	BO020	89	89	0	[per	per	_	_	_	_	_	linguistic	_	none	_	Begin=198.925	_	_	_	0-3(28)
89-1	BO020	89	89	1	mh	mh	_	_	_	_	_	linguistic	_	none	_	_	_	_	_	0-2(28)
89-2	BO020	89	89	2	sì	sì	_	_	_	_	_	linguistic	_	none	_	_	_	_	_	0-2(28)
89-3	BO020	89	89	3	il	il	_	_	_	_	_	linguistic	_	none	_	_	_	_	_	0-2(28)
89-4	BO020	89	89	4	tema:	tema	_	_	_	_	_	linguistic	_	none	_	_	3x1	_	_	0-4(28)
89-5	BO020	89	89	5	sì	sì	_	_	_	_	_	linguistic	_	none	_	_	_	_	_	0-2(28)
89-6	BO020	89	89	6	il	il	_	_	_	_	_	linguistic	_	none	_	_	_	_	_	0-2(28)
89-7	BO020	89	89	7	tema	tema	_	_	_	_	_	linguistic	_	none	_	_	_	_	_	0-4(28)
89-8	BO020	89	89	8	per],	per	_	_	_	_	_	linguistic	_	none	Intonation=weakly_rising	End=201.34	_	_	_	0-3(28)
90-0	BO020	90	90	0	sì	sì	_	_	_	_	_	linguistic	_	none	_	Begin=202.466	_	_	_	_
90-1	BO020	90	90	1	o	o	_	_	_	_	_	linguistic	_	none	_	_	_	_	_	_
90-2	BO020	90	90	2	co[munque	comunque	_	_	_	_	_	linguistic	_	none	_	_	_	_	_	2-8(29)
90-3	BO020	90	90	3	su]ll'	sull'	_	_	_	_	_	linguistic	_	none	SpaceAfter=No	_	_	_	_	0-2(29)
90-4	BO020	90	90	4	integrazione	integrazione	_	_	_	_	_	linguistic	_	none	_	_	_	_	_	_
90-5	BO020	90	90	5	tra	tra	_	_	_	_	_	linguistic	_	none	_	_	_	_	_	_
90-6	BO020	90	90	6	eh	eh	_	_	_	_	_	linguistic	_	none	_	_	_	_	_	_
90-7	BO020	90	90	7	elle	elle	_	_	_	_	_	linguistic	_	none	_	_	_	_	_	_
90-8	BO020	90	90	8	due	due	_	_	_	_	_	linguistic	_	none	_	_	_	_	_	_
90-9	BO020	90	90	9	ed	ed	_	_	_	_	_	linguistic	_	none	_	_	_	_	_	_
90-10	BO020	90	90	10	elle	elle	_	_	_	_	_	linguistic	_	none	_	_	_	_	_	_
90-11	BO020	90	90	11	esse.	esse	_	_	_	_	_	linguistic	_	none	Intonation=falling	End=207.6	_	_	_	_
91-0	BO026	91	91	0	[mh],	mh	_	_	_	_	_	linguistic	_	none	Intonation=weakly_rising	Begin=203.011|End=203.483	_	_	_	0-2(29)
92-0	BO026	92	92	0	[mh	mh	_	_	_	_	_	linguistic	_	none	_	Begin=207.86	_	_	_	0-2(30)
92-1	BO026	92	92	1	mh],	mh	_	_	_	_	_	linguistic	_	none	Intonation=weakly_rising	End=208.418	_	_	_	0-2(30)
93-0	BO020	93	93	0	[pe:r]	per	_	_	_	_	_	linguistic	_	none	_	Begin=207.861	1x1	_	_	0-3(30)
93-1	BO020	93	93	1	i:	i	_	_	_	_	_	linguistic	_	none	ProsodicLink=Yes	_	0x1	_	_	_
93-2	BO020	93	93	2	mh	mh	_	_	_	_	_	linguistic	_	none	_	_	_	_	_	_
93-3	BO020	93	93	3	non	non	_	_	_	_	_	linguistic	_	none	_	_	_	_	_	_
93-4	BO020	93	93	4	nativi.	nativi	_	_	_	_	_	linguistic	_	none	Intonation=falling	End=210.38	_	_	_	_
94-0	BO026	94	94	0	mh	mh	_	_	_	_	_	linguistic	_	none	_	Begin=210.638	_	_	_	_
94-1	BO026	94	94	1	mh,	mh	_	_	_	_	_	linguistic	_	none	Intonation=weakly_rising	End=211.18	_	_	_	_
95-0	BO020	95	95	0	e:h	eh	_	_	_	_	_	linguistic	_	none	_	Begin=211.18	0x1	_	_	_
95-1	BO020	95	95	1	per	per	_	_	_	_	_	linguistic	_	none	_	_	_	_	_	_
95-2	BO020	95	95	2	studenti	studenti	_	_	_	_	_	linguistic	_	none	_	_	_	_	_	_
95-3	BO020	95	95	3	che	che	_	_	_	_	_	linguistic	_	none	_	_	_	_	_	_
95-4	BO020	95	95	4	imparano:	imparano	_	_	_	_	_	linguistic	_	none	_	_	7x1	_	_	_
95-5	BO020	95	95	5	l'	l'	_	_	_	_	_	linguistic	_	none	SpaceAfter=No	_	_	_	_	_
95-6	BO020	95	95	6	italiano	italiano	_	_	_	_	_	linguistic	_	none	_	_	_	_	_	_
95-7	BO020	95	95	7	elle	elle	_	_	_	_	_	linguistic	_	none	_	_	_	_	_	_
95-8	BO020	95	95	8	due	due	_	_	_	_	_	linguistic	_	none	_	_	_	_	_	_
95-9	BO020	95	95	9	imparano	imparano	_	_	_	_	_	linguistic	_	none	_	_	_	_	_	_
95-10	BO020	95	95	10	la	la	_	_	_	_	_	linguistic	_	none	_	_	_	_	_	_
95-11	BO020	95	95	11	lingua	lingua	_	_	_	_	_	linguistic	_	none	_	_	_	_	_	_
95-12	BO020	95	95	12	straniera.	straniera	_	_	_	_	_	linguistic	_	none	Intonation=falling	End=215.797	_	_	_	_
96-0	BO026	96	96	0	[e:h],	eh	_	_	_	_	_	linguistic	_	none	Intonation=weakly_rising	Begin=215.956|End=216.319	0x1	_	_	0-2(31)
97-0	BO020	97	97	0	[ma]	ma	_	_	_	_	_	linguistic	_	none	_	Begin=216.076	_	_	_	0-2(31)
97-1	BO020	97	97	1	rispetto	rispetto	_	_	_	_	_	linguistic	_	none	_	_	_	_	_	_
97-2	BO020	97	97	2	alla	alla	_	_	_	_	_	linguistic	_	none	_	_	_	_	_	_
97-3	BO020	97	97	3	[lingua]	lingua	_	_	_	_	_	linguistic	_	none	_	_	_	_	_	0-6(32)
97-4	BO020	97	97	4	straniera:	straniera	_	_	_	_	_	linguistic	_	none	ProsodicLink=Yes	_	8x1	_	_	_
97-5	BO020	97	97	5	mh,	mh	_	_	_	_	_	linguistic	_	none	Intonation=weakly_rising	End=218.675	_	_	_	_
98-0	BO026	98	98	0	[sì].	sì	_	_	_	_	_	linguistic	_	none	Intonation=falling	Begin=217.07|End=217.416	_	_	_	0-2(32)
99-0	BO020	99	99	0	la	la	_	_	_	_	_	linguistic	_	none	_	Begin=219.341	_	_	_	_
99-1	BO020	99	99	1	seconda	seconda	_	_	_	_	_	linguistic	_	none	_	_	_	_	_	_
99-2	BO020	99	99	2	lingua	lingua	_	_	_	_	_	linguistic	_	none	_	_	_	_	_	_
99-3	BO020	99	99	3	strani[era	straniera	_	_	_	_	_	linguistic	_	none	_	_	_	_	_	6-9(33)
99-4	BO020	99	99	4	<in]glese:>	inglese	_	_	_	_	_	linguistic	_	none	_	_	6x1	Slow=0-7(0)	_	0-2(33)
99-5	BO020	99	99	5	cioè	cioè	_	_	_	_	_	linguistic	_	none	_	_	_	_	_	_
99-6	BO020	99	99	6	>la	la	_	_	_	_	_	linguistic	_	none	_	_	_	Fast=0-2(0)	_	_
99-7	BO020	99	99	7	la	la	_	_	_	_	_	linguistic	_	none	_	_	_	Fast=0-2(0)	_	_
99-8	BO020	99	99	8	prima	prima	_	_	_	_	_	linguistic	_	none	_	_	_	Fast=0-5(0)	_	_
99-9	BO020	99	99	9	lingua	lingua	_	_	_	_	_	linguistic	_	none	_	_	_	Fast=0-6(0)	_	_
99-10	BO020	99	99	10	[stran]iera	straniera	_	_	_	_	_	linguistic	_	none	_	_	_	Fast=0-9(0)	_	0-5(34)
99-11	BO020	99	99	11	inglese<	inglese	_	_	_	_	_	linguistic	_	none	_	_	_	Fast=0-7(0)	_	_
99-12	BO020	99	99	12	oppure,	oppure	_	_	_	_	_	linguistic	_	none	Intonation=weakly_rising	End=223.744	_	_	_	_
100-0	BO026	100	100	0	[sì],	sì	_	_	_	_	_	linguistic	_	none	Intonation=weakly_rising	Begin=220.308|End=220.68	_	_	_	0-2(33)
101-0	BO026	101	101	0	[sì],	sì	_	_	_	_	_	linguistic	_	none	Intonation=weakly_rising	Begin=222.553|End=222.861	_	_	_	0-2(34)
102-0	BO020	102	102	0	e:h	eh	_	_	_	_	_	linguistic	_	none	_	Begin=224.106	0x1	_	_	_
102-1	BO020	102	102	1	[anche]	anche	_	_	_	_	_	linguistic	_	none	_	_	_	_	_	0-5(36)
102-2	BO020	102	102	2	la	la	_	_	_	_	_	linguistic	_	none	_	_	_	_	_	_
102-3	BO020	102	102	3	seconda	seconda	_	_	_	_	_	linguistic	_	none	_	_	_	_	_	_
102-4	BO020	102	102	4	lingua	lingua	_	_	_	_	_	linguistic	_	none	_	_	_	_	_	_
102-5	BO020	102	102	5	straniera	straniera	_	_	_	_	_	linguistic	_	none	_	_	_	_	_	_
102-6	BO020	102	102	6	nel	nel	_	_	_	_	_	linguistic	_	none	_	_	_	_	_	_
102-7	BO020	102	102	7	mio	mio	_	_	_	_	_	linguistic	_	none	_	_	_	_	_	_
102-8	BO020	102	102	8	caso	caso	_	_	_	_	_	linguistic	_	none	_	_	_	_	_	_
102-9	BO020	102	102	9	se	se	_	_	_	_	_	linguistic	_	none	_	_	_	_	_	_
102-10	BO020	102	102	10	lo	lo	_	_	_	_	_	linguistic	_	none	_	_	_	_	_	_
102-11	BO020	102	102	11	facessi	facessi	_	_	_	_	_	linguistic	_	none	_	_	_	_	_	_
102-12	BO020	102	102	12	nel	nel	_	_	_	_	_	linguistic	_	none	_	_	_	_	_	_
102-13	BO020	102	102	13	nelle	nelle	_	_	_	_	_	linguistic	_	none	_	_	_	_	_	_
102-14	BO020	102	102	14	mie	mie	_	_	_	_	_	linguistic	_	none	_	_	_	_	_	_
102-15	BO020	102	102	15	classi	classi	_	_	_	_	_	linguistic	_	none	_	_	_	_	_	_
102-16	BO020	102	102	16	sarebbe	sarebbe	_	_	_	_	_	linguistic	_	none	_	_	_	_	_	_
102-17	BO020	102	102	17	la	la	_	_	_	_	_	linguistic	_	none	_	_	_	_	_	_
102-18	BO020	102	102	18	seconda	seconda	_	_	_	_	_	linguistic	_	none	_	_	_	_	_	_
102-19	BO020	102	102	19	lingua	lingua	_	_	_	_	_	linguistic	_	none	_	_	_	_	_	_
102-20	BO020	102	102	20	straniera	straniera	_	_	_	_	_	linguistic	_	none	_	_	_	_	_	_
102-21	BO020	102	102	21	io	io	_	_	_	_	_	linguistic	_	none	_	_	_	_	_	_
102-22	BO020	102	102	22	diret[tamen]te	direttamente	_	_	_	_	_	linguistic	_	none	_	_	_	_	_	5-10(35)
102-23	BO020	102	102	23	sulla	sulla	_	_	_	_	_	linguistic	_	none	_	_	_	_	_	_
102-24	BO020	102	102	24	<sulle	sulle	_	_	_	_	_	linguistic	_	none	_	_	_	Slow=0-5(0)	_	_
102-25	BO020	102	102	25	mie:>	mie	_	_	_	_	_	linguistic	_	none	PauseAfter=Yes	_	2x1	Slow=0-3(0)	_	_
102-26	BO020	102	102	26	{P}	{P}	_	_	_	_	_	shortpause	_	none	_	_	_	_	_	_
102-27	BO020	102	102	27	sui	sui	_	_	_	_	_	linguistic	_	none	_	_	_	_	_	_
102-28	BO020	102	102	28	miei	miei	_	_	_	_	_	linguistic	_	none	_	_	_	_	_	_
102-29	BO020	102	102	29	ragazzi.	ragazzi	_	_	_	_	_	linguistic	_	none	Intonation=falling	End=234.51	_	_	_	_
103-0	BO026	103	103	0	[m:h],	mh	_	_	_	_	_	linguistic	_	none	Intonation=weakly_rising	Begin=224.376|End=224.7	0x1	_	_	0-2(36)
104-0	BO026	104	104	0	[sì],	sì	_	_	_	_	_	linguistic	_	none	Intonation=weakly_rising	Begin=230.595|End=231.006	_	_	_	0-2(35)
105-0	BO020	105	105	0	e:h	eh	_	_	_	_	_	linguistic	_	none	_	Begin=235.329	0x1	_	_	_
105-1	BO020	105	105	1	quindi	quindi	_	_	_	_	_	linguistic	_	none	_	_	_	_	_	_
105-2	BO020	105	105	2	l'	l'	_	_	_	_	_	linguistic	_	none	SpaceAfter=No	_	_	_	_	_
105-3	BO020	105	105	3	argomento	argomento	_	_	_	_	_	linguistic	_	none	_	_	_	_	_	_
105-4	BO020	105	105	4	era	era	_	_	_	_	_	linguistic	_	none	_	_	_	_	_	_
105-5	BO020	105	105	5	questo	questo	_	_	_	_	_	linguistic	_	none	_	_	_	_	_	_
105-6	BO020	105	105	6	ah	ah	_	_	_	_	_	linguistic	_	none	ProsodicLink=Yes	_	_	_	_	_
105-7	BO020	105	105	7	m:h	mh	_	_	_	_	_	linguistic	_	none	_	_	0x1	_	_	_
105-8	BO020	105	105	8	<[non]	non	_	_	_	_	_	linguistic	_	none	_	_	_	Slow=0-3(0)	_	0-3(37)
105-9	BO020	105	105	9	ben	ben	_	_	_	_	_	linguistic	_	none	_	_	_	Slow=0-3(0)	_	_
105-10	BO020	105	105	10	precisato>	precisato	_	_	_	_	_	linguistic	_	none	_	_	_	Slow=0-9(0)	_	_
105-11	BO020	105	105	11	ancora	ancora	_	_	_	_	_	linguistic	_	none	_	_	_	_	_	_
105-12	BO020	105	105	12	però	però	_	_	_	_	_	linguistic	_	none	_	_	_	_	_	_
105-13	BO020	105	105	13	mh	mh	_	_	_	_	_	linguistic	_	none	_	_	_	_	_	_
105-14	BO020	105	105	14	io	io	_	_	_	_	_	linguistic	_	none	_	_	_	_	_	_
105-15	BO020	105	105	15	direi	direi	_	_	_	_	_	linguistic	_	none	_	_	_	_	_	_
105-16	BO020	105	105	16	che,	che	_	_	_	_	_	linguistic	_	none	Intonation=weakly_rising	End=241.68	_	_	_	_
106-0	BO026	106	106	0	[sì],	sì	_	_	_	_	_	linguistic	_	none	Intonation=weakly_rising	Begin=238.457|End=238.829	_	_	_	0-2(37)
107-0	BO026	107	107	0	sì	sì	_	_	_	_	_	linguistic	_	none	_	Begin=241.962	_	_	_	_
107-1	BO026	107	107	1	prov[visoriamente	provvisoriamente	_	_	_	_	_	linguistic	_	none	_	_	_	_	_	4-16(38)
107-2	BO026	107	107	2	avevamo	avevamo	_	_	_	_	_	linguistic	_	none	_	_	_	_	_	0-7(38)
107-3	BO026	107	107	3	identif~	identif~	_	_	_	_	_	linguistic	_	none	Interrupted=Yes	_	_	_	_	0-8(38)
107-4	BO026	107	107	4	m]h	mh	_	_	_	_	_	linguistic	_	none	_	_	_	_	_	0-1(38)
107-5	BO026	107	107	5	individuato	individuato	_	_	_	_	_	linguistic	_	none	_	_	_	_	_	_
107-6	BO026	107	107	6	quel	quel	_	_	_	_	_	linguistic	_	none	_	_	_	_	_	_
107-7	BO026	107	107	7	diciamo,	diciamo	_	_	_	_	_	linguistic	_	none	Intonation=weakly_rising	End=246.734	_	_	_	_
108-0	BO020	108	108	0	[questo	questo	_	_	_	_	_	linguistic	_	none	_	Begin=242.421	_	_	_	0-6(38)
108-1	BO020	108	108	1	potrebbe	potrebbe	_	_	_	_	_	linguistic	_	none	_	_	_	_	_	0-8(38)
108-2	BO020	108	108	2	svilupparsi],	svilupparsi	_	_	_	_	_	linguistic	_	none	Intonation=weakly_rising	End=244.473	_	_	_	0-11(38)
109-0	BO020	109	109	0	sì	sì	_	_	_	_	_	linguistic	_	none	_	Begin=247.176	_	_	_	_
109-1	BO020	109	109	1	più	più	_	_	_	_	_	linguistic	_	none	_	_	_	_	_	_
109-2	BO020	109	109	2	[o	o	_	_	_	_	_	linguistic	_	none	_	_	_	_	_	0-1(39)
109-3	BO020	109	109	3	meno	meno	_	_	_	_	_	linguistic	_	none	_	_	_	_	_	0-4(39)
109-4	BO020	109	109	4	in	in	_	_	_	_	_	linguistic	_	none	_	_	_	_	_	0-2(39)
109-5	BO020	109	109	5	questo:],	questo	_	_	_	_	_	linguistic	_	none	Intonation=weakly_rising	End=249.148	5x1	_	_	0-6(39)
110-0	BO026	110	110	0	[denominandolo	denominandolo	_	_	_	_	_	linguistic	_	none	_	Begin=247.585	_	_	_	0-13(39)
110-1	BO026	110	110	1	così]?	così	_	_	_	_	_	linguistic	_	none	Intonation=rising	End=249.128	_	_	_	0-4(39)
111-0	BO026	111	111	0	cioè	cioè	_	_	_	_	_	linguistic	_	none	_	Begin=249.194	_	_	_	_
111-1	BO026	111	111	1	la	la	_	_	_	_	_	linguistic	_	none	_	_	_	_	_	_
111-2	BO026	111	111	2	lingua	lingua	_	_	_	_	_	linguistic	_	none	_	_	_	_	_	_
111-3	BO026	111	111	3	straniera	straniera	_	_	_	_	_	linguistic	_	none	_	_	_	_	_	_
111-4	BO026	111	111	4	per	per	_	_	_	_	_	linguistic	_	none	_	_	_	_	_	_
111-5	BO026	111	111	5	gli	gli	_	_	_	_	_	linguistic	_	none	_	_	_	_	_	_
111-6	BO026	111	111	6	apprendenti	apprendenti	_	_	_	_	_	linguistic	_	none	_	_	_	_	_	_
111-7	BO026	111	111	7	di	di	_	_	_	_	_	linguistic	_	none	_	_	_	_	_	_
111-8	BO026	111	111	8	italiano	italiano	_	_	_	_	_	linguistic	_	none	_	_	_	_	_	_
111-9	BO026	111	111	9	elle	elle	_	_	_	_	_	linguistic	_	none	_	_	_	_	_	_
111-10	BO026	111	111	10	due	due	_	_	_	_	_	linguistic	_	none	_	_	_	_	_	_
111-11	BO026	111	111	11	no,	no	_	_	_	_	_	linguistic	_	none	Intonation=weakly_rising	_	_	_	_	_
111-12	BO026	111	111	12	l[a	la	_	_	_	_	_	linguistic	_	none	_	_	_	_	_	1-2(40)
111-13	BO026	111	111	13	lingua]	lingua	_	_	_	_	_	linguistic	_	none	_	_	_	_	_	0-6(40)
111-14	BO026	111	111	14	straniera	straniera	_	_	_	_	_	linguistic	_	none	_	_	_	_	_	_
111-15	BO026	111	111	15	la	la	_	_	_	_	_	linguistic	_	none	_	_	_	_	_	_
111-16	BO026	111	111	16	lingua::	lingua	_	_	_	_	_	linguistic	_	none	_	_	5x2	_	_	_
111-17	BO026	111	111	17	studiata	studiata	_	_	_	_	_	linguistic	_	none	_	_	_	_	_	_
111-18	BO026	111	111	18	a	a	_	_	_	_	_	linguistic	_	none	_	_	_	_	_	_
111-19	BO026	111	111	19	scuola	scuola	_	_	_	_	_	linguistic	_	none	_	_	_	_	_	_
111-20	BO026	111	111	20	per	per	_	_	_	_	_	linguistic	_	none	_	_	_	_	_	_
111-21	BO026	111	111	21	gli	gli	_	_	_	_	_	linguistic	_	none	_	_	_	_	_	_
111-22	BO026	111	111	22	apprendenti	apprendenti	_	_	_	_	_	linguistic	_	none	_	_	_	_	_	_
111-23	BO026	111	111	23	di	di	_	_	_	_	_	linguistic	_	none	_	_	_	_	_	_
111-24	BO026	111	111	24	italiano	italiano	_	_	_	_	_	linguistic	_	none	_	_	_	_	_	_
111-25	BO026	111	111	25	elle	elle	_	_	_	_	_	linguistic	_	none	_	_	_	_	_	_
111-26	BO026	111	111	26	due?	due	_	_	_	_	_	linguistic	_	none	Intonation=rising	End=257.456	_	_	_	_
112-0	BO020	112	112	0	[sì],	sì	_	_	_	_	_	linguistic	_	none	Intonation=weakly_rising	Begin=253.04|End=253.436	_	_	_	0-2(40)
113-0	BO020	113	113	0	sì	sì	_	_	_	_	_	linguistic	_	none	_	Begin=257.454	_	_	_	_
113-1	BO020	113	113	1	e	e	_	_	_	_	_	linguistic	_	none	_	_	_	_	_	_
113-2	BO020	113	113	2	l'	l'	_	_	_	_	_	linguistic	_	none	SpaceAfter=No	_	_	_	_	_
113-3	BO020	113	113	3	interazione	interazione	_	_	_	_	_	linguistic	_	none	_	_	_	_	_	_
113-4	BO020	113	113	4	quindi	quindi	_	_	_	_	_	linguistic	_	none	_	_	_	_	_	_
113-5	BO020	113	113	5	tra	tra	_	_	_	_	_	linguistic	_	none	_	_	_	_	_	_
113-6	BO020	113	113	6	elle	elle	_	_	_	_	_	linguistic	_	none	_	_	_	_	_	_
113-7	BO020	113	113	7	due	due	_	_	_	_	_	linguistic	_	none	_	_	_	_	_	_
113-8	BO020	113	113	8	ed	ed	_	_	_	_	_	linguistic	_	none	_	_	_	_	_	_
113-9	BO020	113	113	9	elle	elle	_	_	_	_	_	linguistic	_	none	_	_	_	_	_	_
113-10	BO020	113	113	10	[esse	esse	_	_	_	_	_	linguistic	_	none	_	_	_	_	_	0-4(42)
113-11	BO020	113	113	11	e:h]	eh	_	_	_	_	_	linguistic	_	none	ProsodicLink=Yes	_	0x1	_	_	0-2(42)
113-12	BO020	113	113	12	mh	mh	_	_	_	_	_	linguistic	_	none	_	_	_	_	_	_
113-13	BO020	113	113	13	sì	sì	_	_	_	_	_	linguistic	_	none	_	_	_	_	_	_
113-14	BO020	113	113	14	più	più	_	_	_	_	_	linguistic	_	none	_	_	_	_	_	_
113-15	BO020	113	113	15	o	o	_	_	_	_	_	linguistic	_	none	_	_	_	_	_	_
113-16	BO020	113	113	16	meno	meno	_	_	_	_	_	linguistic	_	none	_	_	_	_	_	_
113-17	BO020	113	113	17	era	era	_	_	_	_	_	linguistic	_	none	_	_	_	_	_	_
113-18	BO020	113	113	18	questo.	questo	_	_	_	_	_	linguistic	_	none	Intonation=falling	End=263.127	_	_	_	_
114-0	BO026	114	114	0	[mh	mh	_	_	_	_	_	linguistic	_	none	_	Begin=260.331	_	_	_	0-2(42)
114-1	BO026	114	114	1	mh],	mh	_	_	_	_	_	linguistic	_	none	Intonation=weakly_rising	End=260.959	_	_	_	0-2(42)
115-0	BO020	115	115	0	e::h	eh	_	_	_	_	_	linguistic	_	none	ProsodicLink=Yes	Begin=263.661	0x2	_	_	_
115-1	BO020	115	115	1	mh,	mh	_	_	_	_	_	linguistic	_	none	Intonation=weakly_rising	End=264.829	_	_	_	_
116-0	BO020	116	116	0	io	io	_	_	_	_	_	linguistic	_	none	_	Begin=264.91	_	_	_	_
116-1	BO020	116	116	1	pensavo	pensavo	_	_	_	_	_	linguistic	_	none	_	_	_	_	_	_
116-2	BO020	116	116	2	che	che	_	_	_	_	_	linguistic	_	none	_	_	_	_	_	_
116-3	BO020	116	116	3	a:h	ah	_	_	_	_	_	linguistic	_	none	ProsodicLink=Yes	_	0x1	_	_	_
116-4	BO020	116	116	4	mh,	mh	_	_	_	_	_	linguistic	_	none	Intonation=weakly_rising	End=267.311	_	_	_	_
117-0	BO020	117	117	0	[e::h	eh	_	_	_	_	_	linguistic	_	none	_	Begin=267.641	0x2	_	_	0-2(43)
117-1	BO020	117	117	1	p~	p~	_	_	_	_	_	linguistic	_	none	Interrupted=Yes	_	_	_	_	0-2(43)
117-2	BO020	117	117	2	posso],	posso	_	_	_	_	_	linguistic	_	none	Intonation=weakly_rising	End=268.925	_	_	_	0-5(43)
118-0	BO026	118	118	0	[nella	nella	_	_	_	_	_	linguistic	_	none	_	Begin=267.819	_	_	_	0-5(43)
118-1	BO026	118	118	1	sua	sua	_	_	_	_	_	linguistic	_	none	_	_	_	_	_	0-3(43)
118-2	BO026	118	118	2	scuola	scuola	_	_	_	_	_	linguistic	_	none	_	_	_	_	_	0-6(43)
118-3	BO026	118	118	3	supe]riore	superiore	_	_	_	_	_	linguistic	_	none	_	_	_	_	_	0-4(43)
118-4	BO026	118	118	4	qui[ndi	quindi	_	_	_	_	_	linguistic	_	none	_	_	_	_	_	3-6(45)
118-5	BO026	118	118	5	pe]:r	per	_	_	_	_	_	linguistic	_	none	_	_	1x1	_	_	0-2(45)
118-6	BO026	118	118	6	nel	nel	_	_	_	_	_	linguistic	_	none	_	_	_	_	_	_
118-7	BO026	118	118	7	suo	suo	_	_	_	_	_	linguistic	_	none	_	_	_	_	_	_
118-8	BO026	118	118	8	contesto	contesto	_	_	_	_	_	linguistic	_	none	_	_	_	_	_	_
118-9	BO026	118	118	9	di	di	_	_	_	_	_	linguistic	_	none	_	_	_	_	_	_
118-10	BO026	118	118	10	lavoro	lavoro	_	_	_	_	_	linguistic	_	none	_	_	_	_	_	_
118-11	BO026	118	118	11	no?	no	_	_	_	_	_	linguistic	_	none	Intonation=rising	End=272.638	_	_	_	_
119-0	BO020	119	119	0	[sì].	sì	_	_	_	_	_	linguistic	_	none	Intonation=falling	Begin=269.611|End=269.978	_	_	_	0-2(45)
120-0	BO020	120	120	0	sì.	sì	_	_	_	_	_	linguistic	_	none	Intonation=falling	Begin=272.635|End=272.996	_	_	_	_
121-0	BO020	121	121	0	[secondaria]	secondaria	_	_	_	_	_	linguistic	_	none	_	Begin=273.145	_	_	_	0-10(46)
121-1	BO020	121	121	1	di	di	_	_	_	_	_	linguistic	_	none	_	_	_	_	_	_
121-2	BO020	121	121	2	secondo	secondo	_	_	_	_	_	linguistic	_	none	_	_	_	_	_	_
121-3	BO020	121	121	3	[grado:],	grado	_	_	_	_	_	linguistic	_	none	Intonation=weakly_rising	End=275.212	4x1	_	_	0-5(47)
122-0	BO026	122	122	0	[e:h],	eh	_	_	_	_	_	linguistic	_	none	Intonation=weakly_rising	Begin=273.145|End=273.881	0x1	_	_	0-2(46)
123-0	BO026	123	123	0	[>nella	nella	_	_	_	_	_	linguistic	_	none	_	Begin=274.676	_	Fast=0-5(0)	_	0-5(47)
123-1	BO026	123	123	1	scuola	scuola	_	_	_	_	_	linguistic	_	none	_	_	_	Fast=0-6(0)	_	0-6(47)
123-2	BO026	123	123	2	se]condaria	secondaria	_	_	_	_	_	linguistic	_	none	_	_	_	Fast=0-10(0)	_	0-2(47)
123-3	BO026	123	123	3	di	di	_	_	_	_	_	linguistic	_	none	_	_	_	Fast=0-2(0)	_	_
123-4	BO026	123	123	4	[secon~<]	secon~	_	_	_	_	_	linguistic	_	none	Interrupted=Yes	End=276.191	_	Fast=0-6(0)	_	0-6(48)
124-0	BO020	124	124	0	[tecni]co.	tecnico	_	_	_	_	_	linguistic	_	none	Intonation=falling	Begin=275.574	_	_	_	0-5(48)
124-1	BO020	124	124	1	per[ché	perché	_	_	_	_	_	linguistic	_	none	_	_	_	_	_	3-6(49)
124-2	BO020	124	124	2	io],	io	_	_	_	_	_	linguistic	_	none	Intonation=weakly_rising	End=277.308	_	_	_	0-2(49)
125-0	BO026	125	125	0	[tecnico]	tecnico	_	_	_	_	_	linguistic	_	none	_	Begin=276.67	_	_	_	0-7(49)
125-1	BO026	125	125	1	sì.	sì	_	_	_	_	_	linguistic	_	none	Intonation=falling	End=277.574	_	_	_	_
126-0	BO020	126	126	0	e:h	eh	_	_	_	_	_	linguistic	_	none	_	Begin=277.738	0x1	_	_	_
126-1	BO020	126	126	1	nella	nella	_	_	_	_	_	linguistic	_	none	_	_	_	_	_	_
126-2	BO020	126	126	2	mia	mia	_	_	_	_	_	linguistic	_	none	_	_	_	_	_	_
126-3	BO020	126	126	3	scuola	scuola	_	_	_	_	_	linguistic	_	none	_	_	_	_	_	_
126-4	BO020	126	126	4	xxx	xxx	_	_	_	_	_	unknown	_	none	Syllables=3	_	_	_	_	_
126-5	BO020	126	126	5	sia	sia	_	_	_	_	_	linguistic	_	none	_	_	_	_	_	_
126-6	BO020	126	126	6	l'	l'	_	_	_	_	_	linguistic	_	none	SpaceAfter=No	_	_	_	_	_
126-7	BO020	126	126	7	indirizzo	indirizzo	_	_	_	_	_	linguistic	_	none	_	_	_	_	_	_
126-8	BO020	126	126	8	tecnico	tecnico	_	_	_	_	_	linguistic	_	none	_	_	_	_	_	_
126-9	BO020	126	126	9	che	che	_	_	_	_	_	linguistic	_	none	_	_	_	_	_	_
126-10	BO020	126	126	10	il	il	_	_	_	_	_	linguistic	_	none	_	_	_	_	_	_
126-11	BO020	126	126	11	professionale	professionale	_	_	_	_	_	linguistic	_	none	_	_	_	_	_	_
126-12	BO020	126	126	12	in	in	_	_	_	_	_	linguistic	_	none	_	_	_	_	_	_
126-13	BO020	126	126	13	realtà,	realtà	_	_	_	_	_	linguistic	_	none	Intonation=weakly_rising	End=282.414	_	_	_	_
127-0	BO020	127	127	0	la	la	_	_	_	_	_	linguistic	_	none	_	Begin=282.8	_	_	_	_
127-1	BO020	127	127	1	maggior	maggior	_	_	_	_	_	linguistic	_	none	_	_	_	_	_	_
127-2	BO020	127	127	2	parte	parte	_	_	_	_	_	linguistic	_	none	_	_	_	_	_	_
127-3	BO020	127	127	3	degli	degli	_	_	_	_	_	linguistic	_	none	_	_	_	_	_	_
127-4	BO020	127	127	4	stranieri	stranieri	_	_	_	_	_	linguistic	_	none	_	_	_	_	_	_
127-5	BO020	127	127	5	si	si	_	_	_	_	_	linguistic	_	none	_	_	_	_	_	_
127-6	BO020	127	127	6	trova	trova	_	_	_	_	_	linguistic	_	none	_	_	_	_	_	_
127-7	BO020	127	127	7	al	al	_	_	_	_	_	linguistic	_	none	_	_	_	_	_	_
127-8	BO020	127	127	8	professionale.	professionale	_	_	_	_	_	linguistic	_	none	Intonation=falling	End=285.801	_	_	_	_
128-0	BO020	128	128	0	e::h	eh	_	_	_	_	_	linguistic	_	none	ProsodicLink=Yes	Begin=286.193	0x2	_	_	_
128-1	BO020	128	128	1	mh	mh	_	_	_	_	_	linguistic	_	none	_	End=287.23	_	_	_	_
129-0	BO020	129	129	0	quindi,	quindi	_	_	_	_	_	linguistic	_	none	Intonation=weakly_rising	Begin=287.53|End=288.148	_	_	_	_
130-0	BO020	130	130	0	ma	ma	_	_	_	_	_	linguistic	_	none	_	Begin=288.396	_	_	_	_
130-1	BO020	130	130	1	m:h	mh	_	_	_	_	_	linguistic	_	none	_	_	0x1	_	_	_
130-2	BO020	130	130	2	in	in	_	_	_	_	_	linguistic	_	none	_	_	_	_	_	_
130-3	BO020	130	130	3	realtà	realtà	_	_	_	_	_	linguistic	_	none	_	_	_	_	_	_
130-4	BO020	130	130	4	anche	anche	_	_	_	_	_	linguistic	_	none	_	_	_	_	_	_
130-5	BO020	130	130	5	al	al	_	_	_	_	_	linguistic	_	none	_	_	_	_	_	_
130-6	BO020	130	130	6	tecnico	tecnico	_	_	_	_	_	linguistic	_	none	_	_	_	_	_	_
130-7	BO020	130	130	7	ci	ci	_	_	_	_	_	linguistic	_	none	_	_	_	_	_	_
130-8	BO020	130	130	8	sono	sono	_	_	_	_	_	linguistic	_	none	_	_	_	_	_	_
130-9	BO020	130	130	9	gli	gli	_	_	_	_	_	linguistic	_	none	_	_	_	_	_	_
130-10	BO020	130	130	10	stranieri	stranieri	_	_	_	_	_	linguistic	_	none	_	_	_	_	_	_
130-11	BO020	130	130	11	ora,	ora	_	_	_	_	_	linguistic	_	none	Intonation=weakly_rising	End=291.851	_	_	_	_
131-0	BO020	131	131	0	la	la	_	_	_	_	_	linguistic	_	none	_	Begin=292.155	_	_	_	_
131-1	BO020	131	131	1	scelta	scelta	_	_	_	_	_	linguistic	_	none	_	_	_	_	_	_
131-2	BO020	131	131	2	tra	tra	_	_	_	_	_	linguistic	_	none	_	_	_	_	_	_
131-3	BO020	131	131	3	l'	l'	_	_	_	_	_	linguistic	_	none	SpaceAfter=No	_	_	_	_	_
131-4	BO020	131	131	4	uno	uno	_	_	_	_	_	linguistic	_	none	_	_	_	_	_	_
131-5	BO020	131	131	5	e	e	_	_	_	_	_	linguistic	_	none	_	_	_	_	_	_
131-6	BO020	131	131	6	l'	l'	_	_	_	_	_	linguistic	_	none	SpaceAfter=No	_	_	_	_	_
131-7	BO020	131	131	7	altro	altro	_	_	_	_	_	linguistic	_	none	_	_	_	_	_	_
131-8	BO020	131	131	8	u::h	uh	_	_	_	_	_	linguistic	_	none	ProsodicLink=Yes	_	0x2	_	_	_
131-9	BO020	131	131	9	mh	mh	_	_	_	_	_	linguistic	_	none	_	End=295.508	_	_	_	_
132-0	BO020	132	132	0	io	io	_	_	_	_	_	linguistic	_	none	_	Begin=295.713	_	_	_	_
132-1	BO020	132	132	1	direi	direi	_	_	_	_	_	linguistic	_	none	_	_	_	_	_	_
132-2	BO020	132	132	2	potrebbe	potrebbe	_	_	_	_	_	linguistic	_	none	_	_	_	_	_	_
132-3	BO020	132	132	3	[dipendere],	dipendere	_	_	_	_	_	linguistic	_	none	Intonation=weakly_rising	End=297.446	_	_	_	0-9(50)
133-0	BO026	133	133	0	[scusi	scusi	_	_	_	_	_	linguistic	_	none	_	Begin=296.553	_	_	_	0-5(50)
133-1	BO026	133	133	1	solo	solo	_	_	_	_	_	linguistic	_	none	_	_	_	_	_	0-4(50)
133-2	BO026	133	133	2	un	un	_	_	_	_	_	linguistic	_	none	_	_	_	_	_	0-2(50)
133-3	BO026	133	133	3	a]ttimo	attimo	_	_	_	_	_	linguistic	_	none	_	_	_	_	_	0-1(50)
133-4	BO026	133	133	4	mattia	mattia	_	_	_	_	_	linguistic	_	none	_	_	_	_	_	_
133-5	BO026	133	133	5	se	se	_	_	_	_	_	linguistic	_	none	_	_	_	_	_	_
133-6	BO026	133	133	6	vuoi	vuoi	_	_	_	_	_	linguistic	_	none	_	_	_	_	_	_
133-7	BO026	133	133	7	puoi	puoi	_	_	_	_	_	linguistic	_	none	_	_	_	_	_	_
133-8	BO026	133	133	8	chiudere	chiudere	_	_	_	_	_	linguistic	_	none	_	_	_	_	_	_
133-9	BO026	133	133	9	la	la	_	_	_	_	_	linguistic	_	none	_	_	_	_	_	_
133-10	BO026	133	133	10	porta	porta	_	_	_	_	_	linguistic	_	none	_	_	_	_	_	_
133-11	BO026	133	133	11	perché	perché	_	_	_	_	_	linguistic	_	none	_	_	_	_	_	_
133-12	BO026	133	133	12	c'	c'	_	_	_	_	_	linguistic	_	none	SpaceAfter=No	_	_	_	_	_
133-13	BO026	133	133	13	è	è	_	_	_	_	_	linguistic	_	none	_	_	_	_	_	_
133-14	BO026	133	133	14	molto	molto	_	_	_	_	_	linguistic	_	none	_	_	_	_	_	_
133-15	BO026	133	133	15	rumore.	rumore	_	_	_	_	_	linguistic	_	none	Intonation=falling	End=301.446	_	_	_	_
